1830.0,4.086980729,75.27,0.0006861944899421312
1831.0,99.11263035,74.51,0.0006861944899421312
1832.0,195.552151,74.52,0.0006861944899421312
1833.0,292.436618,74.52,0.0006861944899421312
1834.0,399.6752719,74.52,0.0006861944899421312
1835.0,496.6160506,74.52,0.0006861944899421312
1836.0,592.7468133,74.52,0.0006861944899421312
1837.0,688.4069814,74.52,0.0006861944899421312
1838.0,794.0240857,74.52,0.0006861944899421312
1839.0,890.7745354,74.52,0
1840.0,979.687506,74.52,0.000678026923441648
1841.0,1079.24201,73.75,0.000678026923441648
1842.0,1161.710541,73.75,0.000678026923441648
1843.0,1254.879189,73.75,0.000678026923441648
1844.0,1354.874004,73.75,0.000678026923441648
1845.0,1454.96771,73.75,0.000678026923441648
1846.0,1557.005364,73.75,0.000678026923441648
1847.0,1651.877045,73.75,0.000678026923441648
1848.0,1740.113201,73.75,0.000678026923441648
1849.0,1836.065445,73.75,0.000678026923441648
1850.0,1912.376274,73.75,0.000678026923441648
1851.0,1999.615117,73.75,0.000678026923441648
1852.0,2079.145352,73.75,0.000678026923441648
1853.0,2160.055761,73.75,0.000678026923441648
1854.0,2260.076475,73.75,0
1855.0,2355.027947,73.75,0.0005631909851216545
1856.0,2458.922194,72.99,0.0005631909851216545
1857.0,2550.261218,72.99,0.0005631909851216545
1858.0,2650.571684,72.99,0.0005631909851216545
1859.0,2747.385408,73.3,0.0005631909851216545
1860.0,2851.277479,73.3,0.0005631909851216545
1861.0,2944.343345,73.3,0.0005631909851216545
1862.0,3042.903935,73.29,0.0005631909851216545
1863.0,3143.182965,72.99,0.0005631909851216545
1864.0,3239.924405,72.99,0.0005631909851216545
1865.0,3336.761348,72.99,0.0005631909851216545
1866.0,3442.692022,72.99,0.0005631909851216545
1867.0,3532.053934,72.99,0.0005631909851216545
1868.0,3635.944387,72.99,0.0005631909851216545
1869.0,3736.34573,72.99,0.0005631909851216545
1870.0,3829.885144,72.99,0.0005631909851216545
1871.0,3913.603999,72.99,0.0005631909851216545
1872.0,4001.181867,72.99,0.0005631909851216545
1873.0,4090.035705,72.99,0.0005631909851216545
1874.0,4181.000647,73.77,0
1875.0,4284.45085,77.48,0.03503106484768566
1876.0,4366.691285,76.18,0.058409014164082305
1877.0,4434.317833,72.23,0.058409014164082305
1878.0,4511.49131,72.23,0.058409014164082305
1879.0,4615.84041,72.23,0.058409014164082305
1880.0,4702.902151,72.23,0.058409014164082305
1881.0,4798.272577,72.23,0.058409014164082305
1882.0,4902.990019,72.23,0.058409014164082305
1883.0,4998.489465,72.23,0.058409014164082305
1884.0,5094.043538,72.23,0.058409014164082305
1885.0,5184.637957,72.23,0.058409014164082305
1886.0,5256.524719,72.33,0.058409014164082305
1887.0,5303.842973,72.23,0.058409014164082305
1888.0,5343.280957,72.22,0.058409014164082305
1889.0,5382.271391,72.23,0
1890.0,5434.198855,72.23,0.00047244357414899345
1891.0,5478.03395,71.47,0.00047244357414899345
1892.0,5523.206083,71.47,0.00047244357414899345
1893.0,5558.846905,71.47,0.00047244357414899345
1894.0,5596.023566,71.47,0.00047244357414899345
1895.0,5624.160587,71.47,0.00047244357414899345
1896.0,5654.066969,71.47,0.00047244357414899345
1897.0,5686.323141,71.47,0.00047244357414899345
1898.0,5719.517257,71.47,0.00047244357414899345
1899.0,5754.689825,71.47,0.00047244357414899345
1900.0,5800.705567,71.47,0.00047244357414899345
1901.0,5848.337954,71.47,0.00047244357414899345
1902.0,5935.374668,71.47,0.00047244357414899345
1903.0,6022.642173,71.47,0.00047244357414899345
1904.0,6119.589796,71.47,0.00047244357414899345
1905.0,6216.657099,71.47,0.00047244357414899345
1906.0,6313.838562,71.47,0.00047244357414899345
1907.0,6410.538896,71.47,0.00047244357414899345
1908.0,6516.336621,71.47,0.00047244357414899345
1909.0,6612.055525,71.59,0.00047244357414899345
1910.0,6698.275725,71.47,0.00047244357414899345
1911.0,6794.159295,71.47,0.00047244357414899345
1912.0,6890.340351,71.47,0.00047244357414899345
1913.0,6986.73771,71.47,0.00047244357414899345
1914.0,7092.79636,71.47,0.00047244357414899345
1915.0,7189.309215,71.47,0.00047244357414899345
1916.0,7285.907978,71.47,0.00047244357414899345
1917.0,7373.279857,71.47,0.00047244357414899345
1918.0,7470.397749,71.47,0.00047244357414899345
1919.0,7558.052164,71.47,0
1920.0,7655.524475,71.47,0.000512539868050173
1921.0,7752.84162,70.71,0.000512539868050173
1922.0,7850.244396,70.71,0.000512539868050173
1923.0,7946.646792,70.71,0.000512539868050173
1924.0,8042.717152,70.71,0.000512539868050173
1925.0,8139.126415,70.71,0.000512539868050173
1926.0,8244.864033,70.71,0.000512539868050173
1927.0,8340.415172,70.71,0.000512539868050173
1928.0,8436.086369,70.71,0.000512539868050173
1929.0,8522.034577,70.71,0.000512539868050173
1930.0,8607.906687,70.71,0.000512539868050173
1931.0,8655.504819,70.71,0.000512539868050173
1932.0,8684.623164,70.71,0.000512539868050173
1933.0,8724.452933,70.71,0.000512539868050173
1934.0,8765.055386,70.71,0.000512539868050173
1935.0,8806.867275,70.71,0.000512539868050173
1936.0,8877.215929,70.71,0.000512539868050173
1937.0,8948.030656,70.71,0.000512539868050173
1938.0,9019.89032,70.71,0.000512539868050173
1939.0,9101.29524,70.71,0.000512539868050173
1940.0,9189.921175,70.71,0.000512539868050173
1941.0,9284.808,70.71,0.000512539868050173
1942.0,9368.288508,70.71,0.000512539868050173
1943.0,9441.366795,70.71,0.000512539868050173
1944.0,9504.901297,70.71,0.000512539868050173
1945.0,9559.473373,70.71,0.000512539868050173
1946.0,9614.421205,70.71,0.000512539868050173
1947.0,9670.580559,70.71,0.000512539868050173
1948.0,9726.967227,70.71,0.000512539868050173
1949.0,9784.181401,70.71,0.000512539868050173
1950.0,9842.044651,70.71,0.000512539868050173
1951.0,9900.548846,70.71,0.000512539868050173
1952.0,9959.838291,70.71,0.000512539868050173
1953.0,10010.22119,70.71,0.000512539868050173
1954.0,10070.61299,70.71,0.000512539868050173
1955.0,10131.99336,70.71,0
1956.0,10203.19576,70.71,0.0008693367237275533
1957.0,10265.29879,70.0,0.0008693367237275533
1958.0,10327.92939,69.94,0.0008693367237275533
1959.0,10400.69827,69.94,0.0008693367237275533
1960.0,10482.81002,69.94,0.0008693367237275533
1961.0,10555.66755,69.94,0.0008693367237275533
1962.0,10629.76632,69.94,0.0008693367237275533
1963.0,10712.05215,69.94,0.0008693367237275533
1964.0,10795.55396,69.94,0.0008693367237275533
1965.0,10879.3814,69.94,0.0008693367237275533
1966.0,10962.44199,69.94,0.0008693367237275533
1967.0,11046.84779,69.94,0.0008693367237275533
1968.0,11131.55819,69.94,0.0008693367237275533
1969.0,11208.23442,69.94,0.0008693367237275533
1970.0,11275.76271,69.94,0.0008693367237275533
1971.0,11335.52014,69.94,0.0008693367237275533
1972.0,11395.82979,69.94,0.0008693367237275533
1973.0,11464.72062,69.94,0.0008693367237275533
1974.0,11535.55427,69.94,0.0008693367237275533
1975.0,11613.19431,69.94,0.0008693367237275533
1976.0,11708.47475,69.94,0
1977.0,11794.40707,69.94,0.00035902205534455806
1978.0,11889.99626,69.18,0.00035902205534455806
1979.0,11984.00137,69.18,0.00035902205534455806
1980.0,12070.36202,69.18,0.00035902205534455806
1981.0,12164.56441,69.18,0.00035902205534455806
1982.0,12253.00799,69.18,0.00035902205534455806
1983.0,12332.20544,69.18,0.00035902205534455806
1984.0,12413.54263,69.18,0.00035902205534455806
1985.0,12485.74705,69.18,0.00035902205534455806
1986.0,12550.85839,69.18,0.00035902205534455806
1987.0,12625.83632,69.18,0.00035902205534455806
1988.0,12699.10528,69.18,0.00035902205534455806
1989.0,12779.92165,69.18,0.00035902205534455806
1990.0,12877.53886,69.18,0.00035902205534455806
1991.0,12968.08755,69.18,0.00035902205534455806
1992.0,13056.5629,69.18,0.00035902205534455806
1993.0,13154.52525,69.18,0.00035902205534455806
1994.0,13243.21657,69.18,0.00035902205534455806
1995.0,13334.34564,69.18,0.00035902205534455806
1996.0,13423.27688,69.18,0
1997.0,13514.69971,69.18,0.00039119866479762845
1998.0,13606.28107,68.42,0
1999.0,13693.12134,68.42,0.00035447391341420853
2028.0,13711.61766,67.66,0.00035447391341420853
2029.0,13717.87311,67.66,0
2027.0,13727.51191,68.42,0.0003559058247299434
2030.0,13733.87753,67.66,0.0003559058247299434
2031.0,13777.53734,67.66,0.0003559058247299434
2026.0,13780.97377,68.42,0
2000.0,13791.80472,68.42,0.0003586140335958718
2032.0,13834.25986,67.66,0.0003586140335958718
2025.0,13859.4244,68.42,0
2001.0,13883.74318,68.42,0.00036255915849669925
2033.0,13887.97826,67.66,0.00036255915849669925
2034.0,13942.18382,67.66,0.00036255915849669925
2024.0,13953.78226,68.42,0
2002.0,13973.30668,68.42,0.0003664867433665284
2035.0,14010.97592,67.66,0.0003664867433665284
2023.0,14051.29371,68.42,0
2003.0,14072.26688,68.42,0.0003709265507256529
2036.0,14083.81857,67.66,0.0003709265507256529
2037.0,14148.18073,67.66,0.0003709265507256529
2022.0,14149.05855,68.42,0
2004.0,14162.00481,68.38,0.0003724190992300723
2038.0,14212.96506,67.66,0.0003724190992300723
2005.0,14247.72892,68.59,0
2021.0,14252.8261,68.42,0.0003793107208144281
2039.0,14260.51588,67.66,0.0003793107208144281
2040.0,14299.76528,67.66,0.0003793107208144281
2041.0,14326.0215,67.66,0
2006.0,14337.69265,69.03,0.0004267420902561354
2020.0,14350.32867,68.42,0.0003839977453477335
2042.0,14366.45219,67.66,0.0003839977453477335
2043.0,14424.85971,67.66,0
2007.0,14437.01692,69.51,0.0004772383163064864
2019.0,14444.72656,68.5,0.00039316397516503404
2044.0,14510.21239,67.66,0
2008.0,14527.14077,69.65,0.0004957973547171747
2018.0,14539.15798,68.07,0.0004957973547171747
2045.0,14609.33302,67.66,0
2009.0,14617.34556,69.85,0.0005286431747968394
2017.0,14633.53509,68.16,0
2010.0,14703.80712,69.84,0.0005349684349492077
2046.0,14708.87456,67.66,0.0005349684349492077
2016.0,14718.94088,68.19,0.0005349684349492077
2015.0,14774.18149,69.09,0
2011.0,14774.75159,69.83,0.0005399831113733959
2047.0,14804.30396,67.66,0.0005399831113733959
2012.0,14821.15785,69.82,0.0005399831113733959
2014.0,14829.84382,69.81,0
2013.0,14858.86234,69.85,0.0005518987296212898
2048.0,14887.46033,67.66,0.0005518987296212898
2049.0,14988.0,67.66,0.0005518987296212898
2050.0,15088.0,67.9,0.0005518987296212898
2051.0,15188.0,68.01,0.0005518987296212898
2052.0,15288.0,68.63,0.0005518987296212898
2057.0,15387.97121,68.18,0.0005518987296212898
2054.0,15388.61021,69.16,0.0005518987296212898
2053.0,15389.0,69.03,0.0005518987296212898
2056.0,15406.25302,68.61,0.0005518987296212898
2055.0,15412.26408,69.0,0.0005518987296212898
2058.0,15429.0,69.0,0.0005518987296212898
2059.0,15469.0,69.0,0.0005518987296212898
2060.0,15510.0,69.0,0.0005518987296212898
2061.0,15551.0,69.0,0.0005518987296212898
2062.0,15591.0,69.0,0.0005518987296212898
2063.0,15632.0,69.0,0.0005518987296212898
2064.0,15672.0,69.0,0.0005518987296212898
2065.0,15672.48733,69.89,0.0005518987296212898
2066.0,15686.35789,69.95,0.0005518987296212898
2067.0,15717.92422,69.95,0.0005518987296212898
2068.0,15796.7617,69.95,0.0005518987296212898
2069.0,15891.295,69.95,0.0005518987296212898
2070.0,15985.82976,69.94,0.0005518987296212898
2071.0,16085.0,69.94,0.0005518987296212898
2072.0,16185.0,69.94,0.0005518987296212898
2078.0,16193.90715,69.95,0.0005518987296212898
2077.0,16215.7093,69.94,0.0005518987296212898
2079.0,16219.62302,69.95,0.0005518987296212898
2076.0,16259.63585,69.94,0.0005518987296212898
2080.0,16277.0,69.94,0.0005518987296212898
2075.0,16282.57301,69.94,0.0005518987296212898
2074.0,16284.50663,69.94,0.0005518987296212898
2073.0,16285.0,69.94,0.0005518987296212898
2081.0,16334.0,69.85,0.0005518987296212898
2082.0,16392.0,69.81,0.0005518987296212898
2083.0,16449.0,69.77,0.0005518987296212898
2084.0,16506.0,69.72,0.0005518987296212898
2085.0,16564.0,69.68,0.0005518987296212898
2086.0,16621.0,69.64,0.0005518987296212898
2087.0,16678.0,69.59,0.0005518987296212898
2088.0,16736.0,69.55,0.0005518987296212898
2089.0,16793.0,69.51,0.0005518987296212898
2090.0,16850.0,69.46,0.0005518987296212898
2091.0,16908.0,69.42,0.0005518987296212898
2092.0,16965.0,69.38,0.0005518987296212898
2093.0,17022.0,69.33,0.0005518987296212898
2094.0,17080.0,69.29,0.0005518987296212898
2095.0,17137.0,69.25,0.0005518987296212898
2096.0,17195.0,69.2,0.0005518987296212898
2097.0,17252.0,69.16,0.0005518987296212898
2098.0,17309.0,69.12,0.0005518987296212898
2099.0,17367.0,69.07,0.0005518987296212898
2100.0,17424.0,69.03,0.0005518987296212898
2101.0,17481.0,68.99,0.0005518987296212898
2102.0,17539.0,68.94,0.0005518987296212898
2103.0,17596.0,68.9,0.0005518987296212898
2104.0,17653.0,68.86,0.0005518987296212898
2105.0,17768.0,68.77,0.0005518987296212898
2106.0,17825.0,68.73,0.0005518987296212898
2107.0,17883.0,68.68,0.0005518987296212898
2108.0,17940.0,68.64,0.0005518987296212898
2109.0,17997.0,68.6,0.0005518987296212898
2110.0,18055.0,68.55,0.0005518987296212898
2111.0,18112.0,68.51,0.0005518987296212898
2112.0,18169.0,68.47,0.0005518987296212898
2113.0,18227.0,68.42,0.0005518987296212898
2114.0,18284.0,68.38,0.0005518987296212898
2115.0,18341.0,68.34,0.0005518987296212898
2116.0,18399.0,68.29,0.0005518987296212898
2117.0,18456.0,68.25,0.0005518987296212898
2118.0,18513.0,68.21,0.0005518987296212898
2119.0,18571.0,68.16,0.0005518987296212898
2120.0,18628.0,68.12,0.0005518987296212898
2121.0,18685.0,68.08,0.0005518987296212898
2122.0,18743.0,68.03,0.0005518987296212898
2123.0,18800.0,67.99,0.0005518987296212898
2124.0,18858.0,67.95,0.0005518987296212898
2125.0,18915.0,67.9,0.0005518987296212898
2126.0,18972.0,67.86,0.0005518987296212898
2127.0,19030.0,67.82,0.0005518987296212898
2128.0,19087.0,67.77,0.0005518987296212898
2129.0,19144.0,67.73,0.0005518987296212898
2130.0,19202.0,67.69,0.0005518987296212898
2131.0,19259.0,67.64,0.0005518987296212898
2132.0,19316.0,67.6,0.0005518987296212898
2133.0,19374.0,67.56,0.0005518987296212898
2134.0,19431.0,67.51,0.0005518987296212898
2135.0,19488.0,67.47,0.0005518987296212898
2136.0,19546.0,67.43,0.0005518987296212898
2137.0,19603.0,67.38,0.0005518987296212898
2138.0,19660.0,67.34,0.0005518987296212898
2139.0,19718.0,67.3,0.0005518987296212898
2140.0,19775.0,67.25,0.0005518987296212898
2141.0,19832.0,67.21,0.0005518987296212898
2142.0,19890.0,67.17,0.0005518987296212898
2143.0,19947.0,67.12,0.0005518987296212898
2144.0,20004.0,67.08,0.0005518987296212898
2145.0,20062.0,67.04,0.0005518987296212898
1803.0,20119.0,66.99,0.0005518987296212898
1804.0,20176.0,66.95,0.0005518987296212898
1805.0,20234.0,66.91,0.0005518987296212898
1806.0,20291.0,66.86,0.0005518987296212898
1807.0,20349.0,66.82,0.0005518987296212898
1808.0,20406.0,66.78,0.0005518987296212898
1809.0,20463.0,66.73,0.0005518987296212898
1810.0,20521.0,66.69,0.0005518987296212898
1811.0,20578.0,66.65,0.0005518987296212898
1812.0,20635.0,66.6,0.0005518987296212898
1813.0,20693.0,66.56,0.0005518987296212898
1814.0,20750.0,66.52,0.0005518987296212898
1815.0,20807.0,66.47,0.0005518987296212898
1816.0,20865.0,66.43,0.0005518987296212898
1817.0,20922.0,66.39,0.0005518987296212898
1818.0,20979.0,66.34,0.0005518987296212898
1819.0,21037.0,66.3,0.0005518987296212898
1820.0,21094.0,66.26,0.0005518987296212898
1821.0,21151.0,66.21,0.0005518987296212898
1822.0,21209.0,66.17,0.0005518987296212898
1823.0,21266.0,66.13,0.0005518987296212898
1824.0,21323.0,66.08,0.0005518987296212898
1825.0,21381.0,66.04,0.0005518987296212898
1826.0,21438.0,66.0,0.0005518987296212898
1827.0,21495.0,65.95,0.0005518987296212898
1828.0,21553.0,65.91,0.0005518987296212898
1829.0,21610.0,65.87,0.0005518987296212898
1783.0,21667.0,65.82,0.0005518987296212898
1784.0,21725.0,65.78,0.0005518987296212898
1785.0,21782.0,65.74,0.0005518987296212898
1786.0,21840.0,65.69,0.0005518987296212898
1787.0,21897.0,65.65,0.0005518987296212898
1788.0,21954.0,65.61,0.0005518987296212898
1789.0,22012.0,65.56,0.0005518987296212898
1790.0,22069.0,65.52,0.0005518987296212898
1791.0,22126.0,65.48,0.0005518987296212898
1792.0,22184.0,65.43,0.0005518987296212898
1793.0,22241.0,65.39,0.0005518987296212898
1794.0,22298.0,65.35,0.0005518987296212898
1795.0,22356.0,65.3,0.0005518987296212898
1796.0,22413.0,65.26,0.0005518987296212898
1797.0,22470.0,65.22,0.0005518987296212898
1798.0,22528.0,65.17,0.0005518987296212898
1799.0,22585.0,65.13,0.0005518987296212898
1800.0,22613.5,65.1,0.0005518987296212898
1801.0,22642.0,65.09,0.0005518987296212898
1802.0,22700.0,65.04,0.0005518987296212898
1645.0,22757.0,65.0,0.0005518987296212898
1646.0,22814.0,64.96,0.0005518987296212898
1647.0,22872.0,64.91,0.0005518987296212898
1648.0,22929.0,64.87,0.0005518987296212898
1649.0,22986.0,64.83,0.0005518987296212898
1650.0,23044.0,64.78,0.0005518987296212898
1651.0,23101.0,64.74,0.0005518987296212898
1652.0,23158.0,64.7,0.0005518987296212898
1653.0,23216.0,64.65,0.0005518987296212898
1654.0,23273.0,64.61,0.0005518987296212898
1655.0,23331.0,64.57,0.0005518987296212898
1656.0,23388.0,64.52,0.0005518987296212898
1657.0,23445.0,64.48,0.0005518987296212898
1658.0,23503.0,64.44,0.0005518987296212898
1659.0,23560.0,64.39,0.0005518987296212898
1660.0,23617.0,64.35,0.0005518987296212898
1661.0,23675.0,64.31,0.0005518987296212898
1662.0,23732.0,64.26,0.0005518987296212898
1663.0,23789.0,64.22,0.0005518987296212898
1664.0,23847.0,64.18,0.0005518987296212898
1665.0,23904.0,64.13,0.0005518987296212898
1666.0,23961.0,64.09,0.0005518987296212898
1667.0,24019.0,64.05,0.0005518987296212898
1668.0,24076.0,64.0,0.0005518987296212898
1669.0,24133.0,63.96,0.0005518987296212898
1670.0,24191.0,63.92,0.0005518987296212898
1671.0,24248.0,63.87,0.0005518987296212898
1672.0,24305.0,63.83,0.0005518987296212898
1673.0,24363.0,63.79,0.0005518987296212898
1674.0,24420.0,63.74,0.0005518987296212898
1675.0,24477.0,63.7,0.0005518987296212898
1676.0,24535.0,63.66,0.0005518987296212898
1677.0,24592.0,63.61,0.0005518987296212898
1678.0,24649.0,63.57,0.0005518987296212898
1679.0,24707.0,63.53,0.0005518987296212898
1680.0,24764.0,63.48,0.0005518987296212898
1681.0,24822.0,63.44,0.0005518987296212898
1682.0,24879.0,63.4,0.0005518987296212898
1683.0,24936.0,63.35,0.0005518987296212898
1684.0,24994.0,63.31,0.0005518987296212898
1685.0,25051.0,63.27,0.0005518987296212898
1686.0,25108.0,63.22,0.0005518987296212898
1687.0,25166.0,63.18,0.0005518987296212898
1688.0,25223.0,63.14,0.0005518987296212898
1689.0,25280.0,63.09,0.0005518987296212898
1690.0,25338.0,63.05,0.0005518987296212898
1691.0,25395.0,63.01,0.0005518987296212898
1692.0,25452.0,62.96,0.0005518987296212898
1693.0,25510.0,62.92,0.0005518987296212898
1694.0,25567.0,62.88,0.0005518987296212898
1695.0,25624.0,62.83,0.0005518987296212898
1696.0,25682.0,62.79,0.0005518987296212898
1697.0,25739.0,62.75,0.0005518987296212898
1698.0,25796.0,62.7,0.0005518987296212898
1699.0,25854.0,62.66,0.0005518987296212898
1700.0,25911.0,62.62,0.0005518987296212898
1701.0,25968.0,62.57,0.0005518987296212898
1702.0,26026.0,62.53,0.0005518987296212898
1703.0,26083.0,62.49,0.0005518987296212898
1704.0,26140.0,62.44,0.0005518987296212898
1705.0,26198.0,62.4,0.0005518987296212898
1706.0,26255.0,62.36,0.0005518987296212898
1707.0,26313.0,62.31,0.0005518987296212898
1708.0,26370.0,62.27,0.0005518987296212898
1709.0,26427.0,62.23,0.0005518987296212898
1710.0,26485.0,62.18,0.0005518987296212898
1711.0,26542.0,62.14,0.0005518987296212898
1712.0,26599.0,62.1,0.0005518987296212898
1713.0,26657.0,62.05,0.0005518987296212898
1714.0,26714.0,62.01,0.0005518987296212898
1715.0,26771.0,61.97,0.0005518987296212898
1716.0,26829.0,61.92,0.0005518987296212898
1717.0,26886.0,61.88,0.0005518987296212898
1718.0,26943.0,61.84,0.0005518987296212898
1719.0,27001.0,61.79,0.0005518987296212898
1720.0,27058.0,61.75,0.0005518987296212898
1721.0,27115.0,61.71,0.0005518987296212898
1722.0,27173.0,61.66,0.0005518987296212898
1723.0,27230.0,61.62,0.0005518987296212898
1724.0,27287.0,61.58,0.0005518987296212898
1725.0,27345.0,61.53,0.0005518987296212898
1726.0,27402.0,61.49,0.0005518987296212898
1727.0,27459.0,61.45,0.0005518987296212898
1728.0,27517.0,61.4,0.0005518987296212898
1729.0,27574.0,61.36,0.0005518987296212898
1730.0,27631.0,61.32,0.0005518987296212898
1731.0,27689.0,61.27,0.0005518987296212898
1732.0,27746.0,61.23,0.0005518987296212898
1733.0,27804.0,61.19,0.0005518987296212898
1734.0,27861.0,61.14,0.0005518987296212898
1735.0,27918.0,61.1,0.0005518987296212898
1736.0,27976.0,61.06,0.0005518987296212898
1743.0,28316.86746,60.8,0.0005518987296212898
1742.0,28319.63275,60.8,0.0005518987296212898
1744.0,28397.26695,60.81,0.0005518987296212898
1741.0,28403.48561,60.82,0.0005518987296212898
1740.0,28482.80622,60.87,0.0005518987296212898
1745.0,28493.27041,60.8,0.0005518987296212898
1746.0,28580.83016,60.8,0.0005518987296212898
1747.0,28664.5617,60.8,0.0005518987296212898
1748.0,28744.53734,60.8,0.0005518987296212898
1749.0,28820.02996,60.8,0.0005518987296212898
1750.0,28914.71098,60.8,0.0005518987296212898
1753.0,28970.92184,60.8,0.0005518987296212898
1751.0,28977.0463,60.8,0.0005518987296212898
1754.0,28985.65138,60.8,0.0005518987296212898
1752.0,28999.62495,60.8,0.0005518987296212898
1755.0,29044.29819,60.8,0.0005518987296212898
1756.0,29120.64825,60.8,0.0005518987296212898
1757.0,29219.09438,60.8,0.0005518987296212898
1758.0,29313.90541,60.8,0.0005518987296212898
1759.0,29413.19092,60.8,0.0005518987296212898
1760.0,29504.34738,60.8,0.0005518987296212898
1761.0,29595.78,60.8,0.0005518987296212898
1762.0,29687.21507,60.8,0.0005518987296212898
1763.0,29785.57561,60.83,0.0005518987296212898
1764.0,29840.04722,60.84,0.0005518987296212898
1765.0,29894.74952,60.8,0.0005518987296212898
1766.0,29993.70112,60.88,0.0005518987296212898
1767.0,30080.29654,60.8,0.0005518987296212898
1768.0,30179.91556,60.8,0.0005518987296212898
1769.0,30274.74206,60.8,0.0005518987296212898
1770.0,30373.68117,60.8,0.0005518987296212898
1771.0,30472.95828,60.8,0.0005518987296212898
1772.0,30551.37108,60.8,0.0005518987296212898
1773.0,30646.94827,60.8,0.0005518987296212898
1774.0,30729.97083,60.8,0.0005518987296212898
1775.0,30821.16372,60.8,0.0005518987296212898
1776.0,30920.45465,60.8,0.0005518987296212898
1777.0,31011.44,60.8,0.0005518987296212898
1781.0,31088.34035,60.8,0.0005518987296212898
1778.0,31102.43771,60.8,0.0005518987296212898
1780.0,31105.0,60.92,0.0005518987296212898
1779.0,31122.03996,60.83,0.0005518987296212898
1782.0,31161.18,60.8,0.0005518987296212898
1644.0,31234.02477,60.8,0.0005518987296212898
1643.0,31300.78782,60.8,0.0005518987296212898
1642.0,31376.81332,60.8,0.0005518987296212898
1641.0,31466.52005,60.8,0.0005518987296212898
1640.0,31565.29951,60.82,0.0005518987296212898
1639.0,31665.11608,60.81,0.0005518987296212898
1638.0,31748.4745,60.81,0.0005518987296212898
1637.0,31844.38608,60.79,0.0005518987296212898
1636.0,31943.68921,60.81,0.0005518987296212898
1635.0,32024.25544,60.81,0.0005518987296212898
1634.0,32082.83822,60.8,0.0005518987296212898
1633.0,32159.12142,60.8,0.0005518987296212898
1632.0,32262.45144,60.8,0.0005518987296212898
1631.0,32353.67356,60.81,0.0005518987296212898
1630.0,32407.32667,60.81,0.0005518987296212898
1629.0,32461.18062,60.81,0.0005518987296212898
1628.0,32544.67022,60.8,0.0005518987296212898
1627.0,32640.03575,60.8,0.0005518987296212898
1626.0,32738.7222,60.8,0.0005518987296212898
1737.0,32811.0,61.01,0.0005518987296212898
1625.0,32823.77498,60.8,0.0005518987296212898
1624.0,32917.40573,60.8,0.0005518987296212898
1623.0,32998.07051,60.8,0.0005518987296212898
1622.0,33087.83646,60.8,0.0005518987296212898
1621.0,33182.14357,60.8,0.0005518987296212898
1620.0,33280.5174,60.76,0.0005518987296212898
1619.0,33365.9182,60.66,0.0005518987296212898
1618.0,33460.32035,60.65,0
1617.0,33559.60557,60.33,0.0005661373637869512
1616.0,33658.89097,59.09,0.0005172811372097858
1615.0,33753.70297,57.76,0.0005172811372097858
1614.0,33853.3946,57.76,0.0005172811372097858
1613.0,33953.10322,57.76,0.0005172811372097858
1612.0,34023.64713,57.78,0.0005172811372097858
1611.0,34068.78047,58.15,0.0005172811372097858
1605.0,34094.69623,57.75,0.0005172811372097858
1610.0,34105.61869,57.76,0.0005172811372097858
1604.0,34132.93505,57.75,0.0005172811372097858
1606.0,34134.44995,57.76,0.0005172811372097858
1609.0,34155.75729,57.83,0.0005172811372097858
1603.0,34179.82985,57.76,0
1607.0,34182.90171,62.29,0.24279103570471972
1608.0,34201.55973,57.76,0.24279103570471972
1602.0,34231.65391,57.76,0.24279103570471972
1601.0,34295.78442,57.76,0.24279103570471972
1600.0,34384.14,57.76,0.24279103570471972
1599.0,34478.70383,57.76,0.24279103570471972
1598.0,34576.92478,57.76,0.24279103570471972
1597.0,34665.6893,57.76,0.24279103570471972
1596.0,34765.00372,57.76,0.24279103570471972
1592.0,34835.11109,57.76,0.24279103570471972
1591.0,34836.78752,57.76,0.24279103570471972
1595.0,34841.2701,57.76,0.24279103570471972
1590.0,34847.07885,57.76,0.24279103570471972
1589.0,34849.30743,57.76,0.24279103570471972
1593.0,34868.41743,60.6,0
1594.0,34880.45389,60.99,0.18147250045505434
1588.0,34898.25273,57.76,0
1587.0,34983.96183,58.51,0.0005964639526311401
1586.0,35088.15663,57.76,0.0005964639526311401
1585.0,35180.67989,57.76,0.0005964639526311401
1582.0,35215.19924,57.76,0.0005964639526311401
1583.0,35219.97952,57.75,0.0005964639526311401
1584.0,35221.72649,57.77,0.0005964639526311401
1581.0,35243.6966,57.75,0.0005964639526311401
1580.0,35310.35321,57.75,0.0005964639526311401
1579.0,35403.17891,57.84,0.0005964639526311401
1578.0,35480.49779,57.75,0.0005964639526311401
1577.0,35534.65814,57.75,0.0005964639526311401
1576.0,35607.21565,57.75,0.0005964639526311401
1575.0,35698.5,57.75,0.0005964639526311401
1569.0,35747.51254,57.75,0.0005964639526311401
1570.0,35769.57098,57.75,0.0005964639526311401
1574.0,35790.78046,57.75,0.0005964639526311401
1568.0,35803.41446,57.75,0.0005964639526311401
1571.0,35828.45745,57.76,0.0005964639526311401
1573.0,35860.41366,57.79,0.0005964639526311401
1567.0,35862.61276,57.75,0.0005964639526311401
1572.0,35872.43469,57.79,0.0005964639526311401
1566.0,35913.80457,57.75,0.0005964639526311401
1565.0,35981.50079,57.75,0.0005964639526311401
1564.0,36073.145,57.75,0.0005964639526311401
1563.0,36164.79396,57.78,0.0005964639526311401
1562.0,36246.35161,57.81,0.0005964639526311401
1561.0,36280.86524,57.84,0.0005964639526311401
1560.0,36310.0,57.8,0.0005964639526311401
1559.0,36339.0,57.75,0.0005964639526311401
1558.0,36368.0,57.75,0.0005964639526311401
1557.0,36368.66079,57.75,0.0005964639526311401
1556.0,36461.56123,57.78,0.0005964639526311401
1555.0,36545.05805,57.79,0.0005964639526311401
1554.0,36612.26822,57.79,0.0005964639526311401
1553.0,36663.0,57.76,0.0005964639526311401
1552.0,36714.0,57.75,0.0005964639526311401
1551.0,36765.0,57.75,0.0005964639526311401
1550.0,36815.0,57.75,0.0005964639526311401
1549.0,36866.0,57.75,0.0005964639526311401
1548.0,36917.0,57.77,0.0005964639526311401
1547.0,36968.0,58.03,0.0005964639526311401
1546.0,37019.0,57.85,0.0005964639526311401
1544.0,37069.50141,57.75,0.0005964639526311401
1545.0,37070.0,57.75,0.0005964639526311401
1543.0,37121.41028,57.75,0.0005964639526311401
1542.0,37214.68952,57.75,0.0005964639526311401
1541.0,37305.07176,57.75,0.0005964639526311401
1540.0,37403.59749,57.73,0.0005964639526311401
1539.0,37476.64811,57.72,0.0005964639526311401
1538.0,37510.47132,57.73,0.0005964639526311401
1537.0,37526.03166,57.75,0.0005964639526311401
1536.0,37555.17022,57.72,0
1738.0,37645.0,60.97,1.5750762250174029
1535.0,37647.07609,57.7,0
1739.0,37703.0,60.93,0.07099159829867283
1534.0,37748.35748,57.71,0.07099159829867283
1533.0,37841.48556,57.71,0.07099159829867283
1532.0,37931.62052,57.73,0.07099159829867283
1531.0,38007.66829,57.76,0.07099159829867283
1530.0,38059.42229,57.85,0.07099159829867283
1529.0,38065.5332,57.74,0.07099159829867283
1528.0,38071.90222,57.7,0.07099159829867283
1527.0,38148.54604,57.74,0.07099159829867283
1526.0,38245.26671,57.75,0.07099159829867283
1525.0,38321.10799,57.74,0.07099159829867283
1524.0,38397.04424,57.74,0.07099159829867283
1523.0,38493.87299,57.74,0.07099159829867283
1522.0,38576.13121,57.82,0.07099159829867283
1521.0,38641.66313,57.69,0.07099159829867283
1520.0,38718.80871,57.72,0.07099159829867283
1519.0,38805.09146,57.46,0.07099159829867283
1518.0,38849.0,57.4,0.07099159829867283
1517.0,38894.0,57.31,0.07099159829867283
1516.0,38938.0,57.23,0.07099159829867283
1515.0,38983.0,57.18,0.07099159829867283
1514.0,39027.0,57.15,0.07099159829867283
1513.0,39071.0,57.1,0.07099159829867283
1512.0,39116.0,57.05,0.07099159829867283
1511.0,39160.0,56.94,0.07099159829867283
1510.0,39205.0,56.85,0.07099159829867283
1509.0,39249.0,56.77,0.07099159829867283
1508.0,39249.11709,56.7,0.07099159829867283
1507.0,39309.02777,56.62,0.07099159829867283
1506.0,39388.26563,56.54,0.07099159829867283
1505.0,39484.46162,56.51,0.07099159829867283
1499.0,39574.43627,56.03,0.07099159829867283
1504.0,39581.32908,56.47,0.07099159829867283
1500.0,39605.125,56.12,0.07099159829867283
1503.0,39633.81353,56.37,0.07099159829867283
1501.0,39635.85939,56.17,0.07099159829867283
1498.0,39649.0,55.95,0.07099159829867283
1502.0,39654.67933,56.27,0.07099159829867283
1497.0,39724.0,55.89,0.07099159829867283
1496.0,39798.0,55.8,0.07099159829867283
1495.0,39798.30092,55.71,0.07099159829867283
1494.0,39881.75095,55.63,0.07099159829867283
1493.0,39968.42122,55.57,0.07099159829867283
1492.0,40063.9,55.48,0.07099159829867283
1491.0,40159.43688,55.39,0.07099159829867283
1490.0,40266.0,55.38,0.07099159829867283
1487.0,40359.48263,55.14,0.07099159829867283
1486.0,40360.17715,55.11,0.07099159829867283
1489.0,40372.0,55.34,0.07099159829867283
1488.0,40372.27302,55.2,0.07099159829867283
1485.0,40447.48613,55.09,0.07099159829867283
1484.0,40546.71608,55.11,0.07099159829867283
1483.0,40638.22151,54.91,0.07099159829867283
1482.0,40700.10442,54.83,0.07099159829867283
1481.0,40755.8185,54.71,0.07099159829867283
1480.0,40814.83535,54.7,0.07099159829867283
1479.0,40917.14288,54.71,0.07099159829867283
1478.0,40999.14257,54.7,0.07099159829867283
1469.0,41060.865,54.71,0.07099159829867283
1477.0,41076.14038,54.7,0.07099159829867283
1476.0,41178.50375,54.7,0.07099159829867283
1475.0,41272.66032,54.7,0.07099159829867283
1474.0,41364.93144,54.7,0.07099159829867283
1473.0,41462.27572,54.7,0.07099159829867283
1472.0,41561.49862,54.7,0.07099159829867283
1471.0,41654.37384,54.71,0.07099159829867283
1470.0,41737.79151,54.73,0.07099159829867283
1468.0,41855.73179,54.7,0.07099159829867283
1467.0,41960.0208,54.96,0.07099159829867283
1466.0,42036.89668,55.09,0.07099159829867283
1465.0,42058.83144,54.7,0.07099159829867283
1464.0,42125.82061,54.71,0.07099159829867283
1463.0,42207.32573,54.84,0.07099159829867283
1462.0,42263.03889,54.7,0.07099159829867283
1461.0,42355.99057,54.7,0.07099159829867283
1460.0,42450.11987,54.7,0.07099159829867283
1459.0,42554.40198,54.7,0.07099159829867283
1458.0,42651.66703,54.7,0.07099159829867283
1457.0,42710.3658,54.73,0.07099159829867283
1456.0,42740.79019,54.76,0.07099159829867283
1455.0,42749.94417,54.7,0.07099159829867283
1454.0,42799.06527,54.7,0.07099159829867283
1453.0,42821.87217,54.7,0.07099159829867283
1452.0,42870.0,54.7,0.07099159829867283
1451.0,42919.32317,54.7,0.07099159829867283
1450.0,43015.2719,54.7,0.07099159829867283
1449.0,43117.84863,54.7,0.07099159829867283
1448.0,43195.67769,54.7,0.07099159829867283
1447.0,43278.52052,54.7,0.07099159829867283
1446.0,43371.27869,54.7,0.07099159829867283
1445.0,43462.51173,54.7,0.07099159829867283
1444.0,43540.59881,54.7,0.07099159829867283
1443.0,43618.76156,54.7,0.07099159829867283
1442.0,43692.11243,54.7,0.07099159829867283
1441.0,43773.88633,54.7,0.07099159829867283
1440.0,43847.44034,54.7,0.07099159829867283
1439.0,43916.24413,54.7,0.07099159829867283
1438.0,43990.00432,54.7,0.07099159829867283
1437.0,44059.03956,54.7,0.07099159829867283
1436.0,44133.00389,54.68,0.07099159829867283
1435.0,44202.2684,54.65,0.07099159829867283
1434.0,44271.65366,54.63,0.07099159829867283
1433.0,44341.15908,54.61,0.07099159829867283
1432.0,44410.78411,54.58,0.07099159829867283
1431.0,44485.26807,54.56,0.07099159829867283
1430.0,44559.8447,54.57,0.07099159829867283
1429.0,44629.79786,54.52,0.07099159829867283
1428.0,44704.5705,54.53,0.07099159829867283
1427.0,44770.05593,54.45,0.07099159829867283
1426.0,44849.71108,54.5,0.07099159829867283
1425.0,44924.76809,54.4,0.07099159829867283
1424.0,45017.67321,54.39,0.07099159829867283
1423.0,45102.18298,54.34,0.07099159829867283
1422.0,45191.37966,54.31,0.07099159829867283
1421.0,45289.0696,54.29,0.07099159829867283
1420.0,45373.70964,54.26,0.07099159829867283
1419.0,45458.39678,54.22,0.07099159829867283
1418.0,45551.60674,54.2,0.07099159829867283
1417.0,45645.58835,54.17,0.07099159829867283
1416.0,45748.78037,54.14,0.07099159829867283
1415.0,45845.0,54.11,0.07099159829867283
1414.0,45942.09822,54.09,0.07099159829867283
1413.0,46031.53728,54.06,0.07099159829867283
1412.0,46107.27794,54.03,0.07099159829867283
1411.0,46160.92229,54.0,0.07099159829867283
1410.0,46219.26172,53.98,0.07099159829867283
1409.0,46314.13,53.97,0.07099159829867283
1408.0,46409.3586,53.96,0.07099159829867283
1407.0,46467.0,53.95,0.07099159829867283
1406.0,46524.0,53.89,0.07099159829867283
1405.0,46582.0,53.87,0.07099159829867283
1404.0,46639.0,53.84,0.07099159829867283
1403.0,46697.0,53.81,0.07099159829867283
1402.0,46754.0,53.78,0.07099159829867283
1401.0,46812.0,53.75,0.07099159829867283
1400.0,46869.0,53.73,0.07099159829867283
1399.0,46927.0,53.72,0.07099159829867283
1398.0,46984.0,53.72,0.07099159829867283
1397.0,47042.0,53.7,0.07099159829867283
1396.0,47099.0,53.6,0.07099159829867283
1395.0,47157.0,53.57,0.07099159829867283
1394.0,47214.0,53.6,0.07099159829867283
1393.0,47271.0,53.57,0.07099159829867283
1392.0,47329.0,53.54,0.07099159829867283
1391.0,47386.0,53.51,0.07099159829867283
1390.0,47444.0,53.41,0.07099159829867283
1389.0,47501.0,53.19,0.07099159829867283
1388.0,47559.0,53.19,0.07099159829867283
1387.0,47616.0,53.19,0.07099159829867283
1386.0,47674.0,53.19,0.07099159829867283
1385.0,47731.0,53.19,0.07099159829867283
1384.0,47789.0,53.19,0.07099159829867283
1383.0,47846.0,53.19,0
1382.0,47904.0,54.56,0.00025596726209672004
1381.0,47961.0,52.78,0.00025596726209672004
1380.0,48019.0,53.5,0.00025596726209672004
1379.0,48076.0,53.15,0.00025596726209672004
1378.0,48134.0,54.05,0.00025596726209672004
1377.0,48191.0,54.02,0.00025596726209672004
1376.0,48248.0,54.24,0.00025596726209672004
1375.0,48248.51363,53.93,0.00025596726209672004
1374.0,48333.32336,53.98,0.00025596726209672004
1373.0,48422.76176,54.01,0.00025596726209672004
1372.0,48520.71945,54.08,0.00025596726209672004
1371.0,48601.078,54.02,0.00025596726209672004
1370.0,48676.9382,54.16,0.00025596726209672004
1369.0,48765.93363,54.18,0.00025596726209672004
1368.0,48841.9493,54.21,0.00025596726209672004
1367.0,48918.04469,54.04,0.00025596726209672004
1366.0,48994.21941,54.02,0.00025596726209672004
1365.0,49070.4731,53.98,0.00025596726209672004
1364.0,49159.83504,54.23,0.00025596726209672004
1363.0,49231.75764,54.03,0.00025596726209672004
1362.0,49308.25166,54.53,0.00025596726209672004
1361.0,49380.36325,54.23,0.00025596726209672004
1360.0,49457.02254,54.26,0.00025596726209672004
1359.0,49529.32146,54.01,0.00025596726209672004
1358.0,49610.57096,54.36,0.00025596726209672004
1357.0,49691.87675,54.59,0.00025596726209672004
1356.0,49764.42348,54.39,0.00025596726209672004
1355.0,49845.65588,54.28,0.00025596726209672004
1354.0,49922.78616,54.42,0.00025596726209672004
1353.0,49987.02026,54.23,0.00025596726209672004
1352.0,50055.5853,54.26,0.00025596726209672004
1351.0,50106.9715,54.58,0.00025596726209672004
1350.0,50124.00378,54.26,0.00025596726209672004
1349.0,50154.15599,54.06,0.00025596726209672004
1348.0,50210.33758,54.45,0.00025596726209672004
1347.0,50262.37092,54.03,0.00025596726209672004
1346.0,50331.75149,54.08,0.00025596726209672004
1345.0,50392.59331,53.97,0.00025596726209672004
1344.0,50470.69091,54.29,0.00025596726209672004
1343.0,50540.3931,54.03,0.00025596726209672004
1342.0,50614.43174,54.03,0.00025596726209672004
1341.0,50692.77131,54.13,0.00025596726209672004
1340.0,50771.18061,54.12,0.00025596726209672004
1339.0,50845.47066,53.96,0.00025596726209672004
1338.0,50928.20714,53.99,0.00025596726209672004
1337.0,51019.69205,53.95,0.00025596726209672004
1336.0,51102.53249,53.9,0.00025596726209672004
1335.0,51181.27038,53.81,0.00025596726209672004
1334.0,51260.07611,53.71,0.00025596726209672004
1333.0,51334.81876,53.66,0.00025596726209672004
1332.0,51413.76922,53.6,0.00025596726209672004
1331.0,51509.73532,53.53,0.00025596726209672004
1330.0,51600.60718,53.47,0.00025596726209672004
1329.0,51703.81369,53.42,0.00025596726209672004
1328.0,51793.69426,53.39,0.00025596726209672004
1327.0,51874.40793,53.35,0.00025596726209672004
1326.0,51933.18663,53.3,0.00025596726209672004
1325.0,51974.67388,53.25,0.00025596726209672004
1324.0,51990.21364,53.19,0.00025596726209672004
1323.0,52027.51163,53.15,0.00025596726209672004
1322.0,52095.81018,53.2,0.00025596726209672004
1321.0,52203.6509,53.15,0.00025596726209672004
1320.0,52294.70865,53.03,0.00025596726209672004
1319.0,52394.16512,52.96,0.00025596726209672004
1318.0,52489.12549,52.9,0.00025596726209672004
1317.0,52583.48218,52.85,0.00025596726209672004
1316.0,52664.70994,52.81,0.00025596726209672004
1315.0,52715.51409,52.76,0.00025596726209672004
1314.0,52757.77954,52.71,0.00025596726209672004
1313.0,52795.77609,52.66,0.00025596726209672004
1312.0,52821.04235,52.6,0.00025596726209672004
1311.0,52902.82549,52.73,0.00025596726209672004
1310.0,53002.13455,52.91,0.00025596726209672004
1309.0,53092.92002,52.46,0.00025596726209672004
1308.0,53196.50607,52.46,0.00025596726209672004
1307.0,53295.83361,52.37,0.00025596726209672004
1306.0,53390.76758,52.5,0.00025596726209672004
1305.0,53490.10145,52.29,0.00025596726209672004
1304.0,53589.44046,52.21,0.00025596726209672004
1303.0,53688.63013,52.94,0.00025596726209672004
1302.0,53787.97271,53.08,0
1301.0,53887.32037,53.63,0.0003398507041240558
1300.0,53978.18408,52.63,0.0003398507041240558
1299.0,54077.73485,52.45,0.0003398507041240558
1298.0,54172.87567,53.16,0.0003398507041240558
1297.0,54268.02801,53.31,0
1296.0,54363.19183,53.15,0.0003438312642228928
1295.0,54462.58882,52.56,0.0003254669455281921
1294.0,54557.77144,51.71,0.0003254669455281921
1293.0,54661.39724,51.64,0.0003254669455281921
1292.0,54765.02406,51.6,0.0003254669455281921
1291.0,54859.97521,51.6,0.0003254669455281921
1290.0,54963.60348,51.6,0.0003254669455281921
1289.0,55058.55525,51.6,0.0003254669455281921
1288.0,55162.18496,51.6,0.0003254669455281921
1287.0,55257.13735,51.6,0.0003254669455281921
1286.0,55364.98027,51.6,0.0003254669455281921
1285.0,55464.14541,51.6,0.0003254669455281921
1284.0,55559.0976,51.6,0.0003254669455281921
1283.0,55658.26296,51.6,0.0003254669455281921
1282.0,55757.68105,51.6,0.0003254669455281921
1281.0,55857.10378,51.6,0.0003254669455281921
1280.0,55943.91866,51.6,0.0003254669455281921
1279.0,56039.45147,51.6,0.0003254669455281921
1278.0,56138.90394,51.6,0.0003254669455281921
1277.0,56233.86353,51.6,0.0003254669455281921
1276.0,56337.5116,51.6,0.0003254669455281921
1275.0,56436.66288,51.6,0.0003254669455281921
1267.0,56464.82179,51.6,0.0003254669455281921
1266.0,56488.53773,51.6,0.0003254669455281921
1268.0,56532.1015,51.6,0.0003254669455281921
1274.0,56536.12107,51.6,0.0003254669455281921
1265.0,56550.84482,51.6,0.0003254669455281921
1269.0,56608.19955,51.61,0.0003254669455281921
1273.0,56618.84652,51.6,0.0003254669455281921
1264.0,56638.27214,51.6,0.0003254669455281921
1270.0,56658.24492,51.6,0.0003254669455281921
1272.0,56663.36515,51.6,0.0003254669455281921
1271.0,56682.29183,51.59,0.0003254669455281921
1263.0,56742.00802,51.63,0.0003254669455281921
1262.0,56835.81552,51.6,0.0003254669455281921
1261.0,56916.82943,51.6,0.0003254669455281921
1260.0,57016.47495,51.63,0.0003254669455281921
1259.0,57095.74069,51.64,0.0003254669455281921
1258.0,57141.31759,51.64,0.0003254669455281921
1257.0,57195.77733,51.63,0.0003254669455281921
1256.0,57258.4443,51.61,0.0003254669455281921
1255.0,57346.07475,51.6,0.0003254669455281921
1254.0,57445.10349,51.6,0.0003254669455281921
1253.0,57539.40315,51.6,0.0003254669455281921
1252.0,57635.10047,51.65,0.0003254669455281921
1251.0,57693.88102,51.65,0.0003254669455281921
1250.0,57739.99142,51.64,0.0003254669455281921
1249.0,57791.01643,51.63,0.0003254669455281921
1248.0,57854.13881,51.6,0.0003254669455281921
1247.0,57945.99903,51.6,0.0003254669455281921
1246.0,58044.97895,51.6,0.0003254669455281921
1245.0,58129.54051,51.65,0.0003254669455281921
1244.0,58209.34835,51.6,0.0003254669455281921
1243.0,58299.56317,51.67,0.0003254669455281921
1242.0,58392.181,51.64,0.0003254669455281921
1241.0,58472.08034,51.61,0.0003254669455281921
1240.0,58563.94848,51.6,0.0003254669455281921
1239.0,58658.11199,51.63,0.0003254669455281921
1238.0,58733.0715,51.66,0.0003254669455281921
1237.0,58764.22656,51.66,0.0003254669455281921
1236.0,58777.9824,51.61,0.0003254669455281921
1235.0,58862.7493,51.64,0.0003254669455281921
1234.0,58966.51699,51.65,0.0003254669455281921
1233.0,59062.24636,51.63,0.0003254669455281921
1232.0,59155.79425,51.67,0.0003254669455281921
1231.0,59240.60801,51.6,0.0003254669455281921
1230.0,59324.23489,51.65,0.0003254669455281921
1228.0,59343.80201,51.63,0.0003254669455281921
1229.0,59344.72145,51.69,0.0003254669455281921
1227.0,59431.61436,51.66,0.0003254669455281921
1226.0,59521.03172,51.66,0.0003254669455281921
1225.0,59587.37024,51.66,0.0003254669455281921
1224.0,59663.31631,51.55,0.0003254669455281921
1223.0,59759.06618,51.56,0.0003254669455281921
1222.0,59855.58962,51.58,0.0003254669455281921
1221.0,59935.37324,51.57,0.0003254669455281921
1220.0,60027.17836,51.63,0.0003254669455281921
1219.0,60111.8153,51.65,0.0003254669455281921
1218.0,60169.4012,51.56,0.0003254669455281921
1217.0,60258.8912,51.48,0.0003254669455281921
1216.0,60342.6135,51.54,0.0003254669455281921
1215.0,60426.37534,51.46,0.0003254669455281921
1214.0,60506.1845,51.43,0.0003254669455281921
1213.0,60594.83412,51.5,0.0003254669455281921
1212.0,60674.75603,51.4,0.0003254669455281921
1211.0,60773.0,51.39,0.0003254669455281921
1210.0,60871.0,51.35,0.0003254669455281921
1209.0,60970.0,51.23,0.0003254669455281921
1208.0,61068.0,51.03,0.0003254669455281921
1207.0,61167.0,50.91,0.0003254669455281921
1206.0,61266.0,50.95,0.0003254669455281921
1205.0,61364.0,50.82,0.0003254669455281921
1204.0,61463.0,51.34,0.0003254669455281921
1203.0,61561.0,51.5,0.0003254669455281921
1202.0,61660.0,51.21,0.0003254669455281921
1201.0,61758.0,51.23,0.0003254669455281921
1200.0,61857.0,51.25,0.0003254669455281921
1199.0,61956.0,51.48,0.0003254669455281921
1198.0,62054.0,51.51,0.0003254669455281921
1197.0,62153.0,51.35,0.0003254669455281921
1196.0,62251.0,51.12,0.0003254669455281921
1195.0,62251.42155,50.93,0.0003254669455281921
1194.0,62343.19686,50.86,0.0003254669455281921
1193.0,62438.98319,50.93,0.0003254669455281921
1192.0,62538.77105,50.91,0.0003254669455281921
1191.0,62634.57028,50.91,0.0003254669455281921
1190.0,62734.36594,50.85,0.0003254669455281921
1189.0,62803.0,50.6,0.0003254669455281921
1188.0,62872.0,50.55,0.0003254669455281921
1187.0,62941.0,50.46,0.0003254669455281921
1186.0,63010.0,50.46,0.0003254669455281921
1185.0,63079.0,50.56,0.0003254669455281921
1184.0,63148.0,50.85,0.0003254669455281921
1183.0,63218.0,51.22,0.0003254669455281921
1182.0,63287.0,51.12,0.0003254669455281921
1181.0,63356.0,51.01,0.0003254669455281921
1180.0,63425.0,50.88,0.0003254669455281921
1179.0,63494.0,50.87,0.0003254669455281921
1178.0,63563.0,50.96,0
1177.0,63632.0,50.68,0.0024249718817424353
1173.0,63640.99851,49.96,0.0024249718817424353
1172.0,63647.21269,49.98,0.0024249718817424353
1171.0,63649.46324,49.76,0.0024249718817424353
1170.0,63664.71116,49.68,0
1174.0,63669.34323,50.25,0.001519869785565673
1169.0,63680.11472,49.56,0.001519869785565673
1176.0,63701.0,50.24,0
1175.0,63701.91875,50.37,0.0015981663323111817
1168.0,63704.37111,49.44,0.0015981663323111817
1167.0,63720.07905,49.22,0.0015981663323111817
1166.0,63757.51044,49.09,0.0015981663323111817
1165.0,63782.20718,48.92,0.0015981663323111817
1164.0,63824.39018,48.82,0.0015981663323111817
1163.0,63870.92757,48.57,0.0015981663323111817
1162.0,63922.01819,48.53,0.0015981663323111817
1161.0,63999.18146,48.55,0.0015981663323111817
1160.0,64076.54097,48.53,0.0015981663323111817
1159.0,64171.35071,48.38,0.0015981663323111817
1158.0,64274.93335,48.35,0.0015981663323111817
1157.0,64374.13009,48.37,0.0015981663323111817
1156.0,64477.71312,48.36,0.0015981663323111817
1155.0,64568.38043,48.35,0.0015981663323111817
1154.0,64667.70423,48.34,0.0015981663323111817
1153.0,64767.17328,48.34,0.0015981663323111817
1152.0,64849.50487,48.12,0.0015981663323111817
1149.0,64856.42414,48.06,0.0015981663323111817
1150.0,64872.59615,48.22,0.0015981663323111817
1148.0,64874.85679,47.81,0.0015981663323111817
1151.0,64897.58547,47.78,0.0015981663323111817
1147.0,64902.11782,47.6,0.0015981663323111817
1146.0,64933.70374,47.63,0.0015981663323111817
1145.0,64986.98146,47.61,0.0015981663323111817
1144.0,65044.53446,47.69,0.0015981663323111817
1143.0,65098.04738,47.75,0.0015981663323111817
1142.0,65159.94208,47.66,0.0015981663323111817
1141.0,65221.91643,47.5,0.0015981663323111817
1140.0,65300.9205,47.41,0.0015981663323111817
1139.0,65396.91818,47.76,0.0015981663323111817
1138.0,65488.31796,47.73,0.0015981663323111817
1137.0,65579.73366,47.8,0.0015981663323111817
1136.0,65683.994,47.71,0
1135.0,65775.43909,47.63,0.00022140201316952167
1134.0,65866.89991,46.91,0.00022140201316952167
1133.0,65962.45886,46.94,0.00022140201316952167
1132.0,66066.76734,46.7,0.00022140201316952167
1131.0,66162.34423,46.69,0.00022140201316952167
1130.0,66262.00314,46.75,0.00022140201316952167
1129.0,66352.92074,46.94,0.00022140201316952167
1128.0,66456.65681,47.46,0.00022140201316952167
1127.0,66560.39338,47.72,0.00022140201316952167
1126.0,66655.38515,48.19,0.00022140201316952167
1125.0,66759.12236,48.26,0.00022140201316952167
1124.0,66858.18523,48.37,0.00022140201316952167
1123.0,66961.92232,48.24,0.00022140201316952167
1122.0,67060.98533,48.25,0.00022140201316952167
1121.0,67155.37832,48.35,0.00022140201316952167
1120.0,67253.85459,48.42,0.00022140201316952167
1119.0,67347.68556,48.34,0.00022140201316952167
1118.0,67432.80497,48.3,0.00022140201316952167
1117.0,67513.31714,48.27,0.00022140201316952167
1116.0,67602.60923,48.3,0.00022140201316952167
1115.0,67683.21776,48.29,0.00022140201316952167
1114.0,67768.48145,48.38,0.00022140201316952167
1113.0,67867.09643,48.29,0.00022140201316952167
1112.0,67961.59935,48.11,0.00022140201316952167
1111.0,68060.70305,47.99,0.00022140201316952167
1110.0,68164.40386,47.69,0.00022140201316952167
1109.0,68263.50758,47.79,0.00022140201316952167
1108.0,68358.48765,47.97,0
1107.0,68466.3121,47.96,0.0003450667703973698
1106.0,68560.82241,47.3,0.0003450667703973698
1105.0,68651.67624,47.26,0.0003450667703973698
1104.0,68755.85144,47.26,0.0003450667703973698
1103.0,68838.96424,47.02,0
1102.0,68884.12273,48.16,0.0003860783700268824
1101.0,68925.29359,46.71,0.0003860783700268824
1100.0,68970.67348,46.5,0.0003860783700268824
1099.0,69161.43357,48.57,0.0003860783700268824
1098.0,69228.7053,48.49,0.0003860783700268824
1097.0,69287.31864,48.02,0
1096.0,69350.05264,49.33,0.0004906459783147964
1095.0,69413.59342,48.49,0.0004906459783147964
1094.0,69472.48877,48.46,0.0004906459783147964
1093.0,69535.47324,48.56,0
1092.0,69598.53039,48.6,0.00047931202864912584
1091.0,69653.70272,47.97,0.00040013126719470605
1090.0,69696.22809,46.74,0.00040013126719470605
1089.0,69747.67725,46.52,0.00040013126719470605
1088.0,69776.79245,47.47,0.00040013126719470605
1087.0,69819.67467,47.91,0.00040013126719470605
1086.0,69862.68108,47.79,0.00040013126719470605
1085.0,69892.08389,47.67,0
1084.0,69922.5937,48.08,0.0004297210551714559
1080.0,69928.31377,47.35,0.0004297210551714559
1082.0,69935.97885,47.55,0.0004297210551714559
1081.0,69940.36749,48.0,0
1083.0,69944.41157,47.85,0.0003330648367857425
1079.0,69977.17904,46.74,0.0003330648367857425
1078.0,70021.17312,48.39,0.0003330648367857425
1077.0,70060.24544,48.62,0.0003330648367857425
1076.0,70108.27267,48.51,0.0003330648367857425
1075.0,70177.93184,48.51,0
1074.0,70232.43407,48.3,0.00047985685909644553
1073.0,70330.02539,47.44,0.00022688788953045217
1072.0,70409.89116,46.68,0.00022688788953045217
1071.0,70511.30274,48.28,0.00022688788953045217
1070.0,70613.85166,47.88,0.00022688788953045217
1069.0,70707.53136,47.73,0.00022688788953045217
1068.0,70802.52639,47.87,0.00022688788953045217
1067.0,70888.64733,48.01,0.00022688788953045217
1066.0,70987.42547,47.88,0.00022688788953045217
1065.0,71103.95137,47.9,0.00022688788953045217
1064.0,71191.38091,48.25,0.00022688788953045217
1063.0,71304.12464,47.86,0.00022688788953045217
1062.0,71400.43478,48.1,0.00022688788953045217
1061.0,71500.52719,47.96,0.00022688788953045217
1060.0,71596.84606,47.94,0.00022688788953045217
1059.0,71689.39882,47.8,0.00022688788953045217
1058.0,71773.08302,47.79,0.00022688788953045217
1057.0,71861.89349,48.03,0
1056.0,71897.4232,47.96,0.0005651841303152785
1055.0,72044.70643,47.35,0.0005651841303152785
1054.0,72115.80563,48.06,0.0005651841303152785
1053.0,72231.36841,48.31,0.0005651841303152785
1052.0,72327.76385,48.32,0.0005651841303152785
1051.0,72433.05745,48.44,0.0005651841303152785
1050.0,72515.41366,48.36,0.0005651841303152785
1049.0,72637.08009,48.35,0.0005651841303152785
1048.0,72737.22471,48.36,0.0005651841303152785
1047.0,72833.638,48.34,0.0005651841303152785
1046.0,72930.05654,48.27,0.0005651841303152785
1045.0,73022.75326,48.35,0.0005651841303152785
1044.0,73115.46099,48.34,0.0005651841303152785
1043.0,73211.89985,48.42,0.0005651841303152785
1042.0,73272.74139,48.45,0.0005651841303152785
1041.0,73424.84647,48.44,0.0005651841303152785
1040.0,73516.11036,48.37,0.0005651841303152785
1039.0,73616.27644,48.62,0.0005651841303152785
1038.0,73718.69433,48.27,0.0005651841303152785
1037.0,73826.29687,48.42,0.0005651841303152785
1036.0,73910.92389,48.3,0.0005651841303152785
1035.0,74018.52984,48.37,0.0005651841303152785
1034.0,74117.23839,48.36,0.0005651841303152785
1033.0,74217.39561,48.31,0.0005651841303152785
1032.0,74321.27779,48.32,0.0005651841303152785
1031.0,74419.98616,48.14,0.0005651841303152785
1030.0,74514.97007,48.12,0.0005651841303152785
1029.0,74618.85199,48.15,0.0005651841303152785
1028.0,74704.93805,48.15,0.0005651841303152785
1027.0,74817.71782,48.15,0.0005651841303152785
1026.0,74917.8751,48.38,0.0005651841303152785
1025.0,75018.03386,48.48,0.0005651841303152785
1024.0,75120.46559,48.49,0.0005651841303152785
1023.0,75210.27805,48.49,0.0005651841303152785
1022.0,75300.09337,48.5,0.0005651841303152785
1021.0,75414.31532,48.24,0.0005651841303152785
1020.0,75513.02559,48.1,0
1019.0,75599.11261,48.25,0.0019855837674412668
1018.0,75709.01641,46.21,0
1017.0,75788.52221,47.47,0.0003790394690524506
1016.0,75899.87688,46.15,0.0003790394690524506
1015.0,76000.01852,46.14,0.0003790394690524506
1014.0,76117.94922,46.14,0.0003790394690524506
1013.0,76193.72995,46.14,0.0003790394690524506
1012.0,76299.93837,46.14,0.0003790394690524506
1011.0,76397.26793,46.14,0.0003790394690524506
1010.0,76490.86207,46.14,0.0003790394690524506
1009.0,76575.57625,46.14,0.0003790394690524506
1008.0,76681.82614,46.14,0.0003790394690524506
1007.0,76775.44426,46.24,0.0003790394690524506
1006.0,76863.94749,46.24,0.0003790394690524506
1005.0,76934.70592,46.19,0.0003790394690524506
1004.0,77018.1392,46.14,0.0003790394690524506
1003.0,77071.19743,46.15,0
1002.0,77152.09357,46.14,0.0001889300648728141
1001.0,77276.20126,44.92,0.0001889300648728141
1000.0,77361.04419,44.93,0.0001889300648728141
999.0,77462.35964,44.99,0.0001889300648728141
998.0,77551.02807,44.93,0.0001889300648728141
997.0,77644.77026,44.91,0.0001889300648728141
996.0,77730.90499,45.02,0.0001889300648728141
995.0,77829.71041,44.92,0.0001889300648728141
994.0,77900.62311,44.92,0.0001889300648728141
993.0,77988.0158,44.92,0.0001889300648728141
992.0,78032.34629,44.92,0.0001889300648728141
991.0,78113.43239,44.92,0.0001889300648728141
990.0,78219.87688,44.92,0.0001889300648728141
989.0,78306.12826,44.9,0.0001889300648728141
988.0,78399.98657,44.92,0.0001889300648728141
987.0,78450.82069,45.04,0.0001889300648728141
986.0,78497.92839,44.92,0.0001889300648728141
985.0,78588.13715,44.92,0.0001889300648728141
984.0,78682.13921,44.92,0.0001889300648728141
983.0,78820.17905,44.92,0.0001889300648728141
982.0,78901.14482,44.92,0.0001889300648728141
981.0,78971.85483,44.92,0.0001889300648728141
980.0,79075.73026,44.92,0.0001889300648728141
979.0,79161.83611,44.78,0.0001889300648728141
978.0,79260.58474,44.8,0.0001889300648728141
977.0,79370.61809,44.62,0.0001889300648728141
976.0,79464.25599,44.62,0.0001889300648728141
975.0,79557.90065,44.62,0.0001889300648728141
974.0,79655.32289,44.66,0.0001889300648728141
973.0,79740.10608,45.04,0.0001889300648728141
972.0,79828.67612,45.42,0.0001889300648728141
971.0,79921.04487,45.03,0.0001889300648728141
970.0,79983.0358,45.37,0.0001889300648728141
969.0,80070.38055,44.97,0.0001889300648728141
968.0,80167.89966,44.62,0.0001889300648728141
967.0,80274.29705,44.62,0.0001889300648728141
966.0,80364.23187,44.62,0.0001889300648728141
965.0,80459.23017,44.65,0.0001889300648728141
964.0,80512.42414,44.62,0.0001889300648728141
963.0,80547.89037,44.62,0.0001889300648728141
962.0,80609.96318,44.62,0.0001889300648728141
961.0,80812.62223,45.49,0.0001889300648728141
960.0,80913.94915,45.09,0.0001889300648728141
959.0,80934.22196,44.67,0.0001889300648728141
958.0,80938.02617,44.68,0.0001889300648728141
957.0,80964.68284,44.76,0.0001889300648728141
956.0,81033.23941,44.87,0.0001889300648728141
955.0,81123.42427,45.08,0.0001889300648728141
954.0,81207.20169,44.73,0.0001889300648728141
953.0,81287.16688,45.04,0.0001889300648728141
952.0,81384.84587,44.71,0.0001889300648728141
951.0,81464.84458,45.02,0.0001889300648728141
950.0,81531.027,44.62,0.0001889300648728141
949.0,81558.02495,44.62,0.0001889300648728141
945.0,81576.13122,44.58,0.0001889300648728141
948.0,81581.20343,44.62,0.0001889300648728141
946.0,81597.96693,45.24,0
947.0,81609.99844,45.19,0.00034128943877081004
944.0,81678.77068,44.63,0.00034128943877081004
943.0,81751.22956,44.61,0.00034128943877081004
942.0,81807.05244,44.69,0.00034128943877081004
941.0,81876.60122,44.84,0.00034128943877081004
940.0,81958.87918,44.69,0.00034128943877081004
939.0,82058.7957,44.87,0.00034128943877081004
937.0,82145.98764,44.62,0.00034128943877081004
938.0,82158.7957,44.75,0.00034128943877081004
936.0,82187.13387,44.62,0.00034128943877081004
935.0,82287.13387,44.62,0.00034128943877081004
934.0,82455.85272,45.13,0
933.0,82545.20031,45.19,0.00036621170889883717
932.0,82656.13505,44.62,0.00036621170889883717
931.0,82719.68744,45.03,0.00036621170889883717
929.0,82728.09907,44.69,0.00036621170889883717
930.0,82774.41639,44.75,0.00036621170889883717
928.0,82828.09907,44.62,0.00036621170889883717
925.0,82927.4276,44.74,0.00036621170889883717
927.0,82939.45407,44.62,0.00036621170889883717
926.0,83080.43209,44.74,0.00036621170889883717
924.0,83107.4276,44.75,0.00036621170889883717
923.0,83127.4276,44.75,0.00036621170889883717
922.0,83259.76687,44.62,0.00036621170889883717
921.0,83314.73851,44.62,0.00036621170889883717
920.0,83414.73851,44.62,0.00036621170889883717
919.0,83503.02432,44.85,0.00036621170889883717
918.0,83569.78466,44.85,0.00036621170889883717
917.0,83636.56403,44.88,0.00036621170889883717
916.0,83787.85378,44.98,0.00036621170889883717
914.0,83798.89118,44.82,0.00036621170889883717
915.0,83810.50054,45.02,0.00036621170889883717
913.0,83898.89118,44.62,0
895.0,84052.0606,45.01,0.0003991171846461404
912.0,84125.38488,44.31,0.0003991171846461404
911.0,84219.26517,44.31,0.0003991171846461404
910.0,84317.01385,44.31,0.0003991171846461404
909.0,84410.90812,44.45,0.0003991171846461404
908.0,84461.72437,44.4,0.0003991171846461404
907.0,84567.78391,44.36,0.0003991171846461404
906.0,84613.10477,44.34,0.0003991171846461404
904.0,84618.79644,44.6,0.0003991171846461404
905.0,84620.35533,44.98,0.0003991171846461404
903.0,84662.68688,44.52,0.0003991171846461404
902.0,84711.70652,44.65,0.0003991171846461404
901.0,84754.59025,44.89,0.0003991171846461404
900.0,84768.48954,44.94,0.0003991171846461404
899.0,84808.97216,45.48,0.0003991171846461404
898.0,84873.48643,45.05,0
897.0,84919.06273,45.02,0.00043324328355709603
893.0,84963.87089,44.41,0.00043324328355709603
896.0,85026.732,44.99,0.00043324328355709603
892.0,85038.44354,45.09,0
894.0,85052.0606,45.02,0.00043883753335480805
891.0,85460.63583,44.31,0.00043883753335480805
890.0,85558.04191,44.31,0
889.0,85617.51356,45.04,0.0004663831038219621
888.0,85671.88045,44.31,0.0004663831038219621
887.0,85744.01229,44.31,0.0004663831038219621
886.0,85816.14965,45.14,0
885.0,85854.10907,44.94,0.0004674722033263021
884.0,86125.9032,44.33,0.0004674722033263021
883.0,86228.41011,44.78,0.0004674722033263021
882.0,86322.03847,44.31,0.0004674722033263021
881.0,86415.67307,44.31,0.0004674722033263021
880.0,86513.08054,44.4,0.0004674722033263021
879.0,86610.49987,44.92,0.0004674722033263021
878.0,86647.11779,44.86,0
877.0,86683.75137,45.02,0.0005214432802904042
876.0,86736.83939,44.39,0.0005214432802904042
875.0,86779.79462,44.31,0.0005214432802904042
871.0,86791.46085,44.31,0.0005214432802904042
874.0,86813.94957,44.31,0.0005214432802904042
872.0,86814.05993,44.34,0.0005214432802904042
873.0,86844.37111,44.31,0.0005214432802904042
869.0,86855.11309,44.54,0.0005214432802904042
870.0,86880.48489,45.3,0.0005214432802904042
868.0,86896.0,44.94,0
867.0,86937.73729,45.35,0.0005764022549754694
866.0,87000.03047,44.66,0.0005764022549754694
862.0,87032.88547,44.82,0.0005764022549754694
865.0,87038.10863,44.65,0.0005764022549754694
864.0,87114.27269,45.18,0.0005764022549754694
861.0,87132.88547,44.82,0.0005764022549754694
863.0,87188.18317,45.2,0.0005764022549754694
858.0,87225.10962,44.88,0.0005764022549754694
860.0,87232.88547,44.45,0.0005764022549754694
857.0,87325.10962,44.88,0.0005764022549754694
859.0,87401.44876,44.87,0.0005764022549754694
856.0,87425.10962,44.88,0.0005764022549754694
855.0,87525.10962,44.9,0.0005764022549754694
843.0,87631.83187,44.58,0
854.0,87640.93529,45.03,0.0005874675119929058
853.0,87674.44596,44.31,0.0005874675119929058
844.0,87719.1077,44.44,0.0005874675119929058
842.0,87731.83187,44.71,0
852.0,87757.61442,45.28,0.0006294123401619543
841.0,87766.10247,44.42,0.0006294123401619543
847.0,87768.75887,44.52,0.0006294123401619543
851.0,87779.15631,44.47,0.0006294123401619543
848.0,87786.42293,44.52,0.0006294123401619543
849.0,87809.04305,44.65,0.0006294123401619543
850.0,87828.88289,44.64,0.0006294123401619543
840.0,87849.40325,44.34,0
845.0,87933.74275,45.08,0.0006173956827932869
839.0,87959.0,44.33,0.0006173956827932869
846.0,88025.89172,44.31,0.0006173956827932869
838.0,88068.98164,44.31,0.0006173956827932869
837.0,88162.94993,44.58,0.0006173956827932869
836.0,88226.55403,44.41,0.0006173956827932869
835.0,88255.89653,44.63,0.0006173956827932869
834.0,88340.0432,44.84,0.0006173956827932869
833.0,88393.84924,44.76,0.0006173956827932869
832.0,88480.97743,44.37,0.0006173956827932869
831.0,88509.38598,44.33,0.0006173956827932869
830.0,88530.38598,44.46,0.0006173956827932869
829.0,88560.43046,44.59,0.0006173956827932869
828.0,88591.9441,44.25,0.0006173956827932869
827.0,88623.45767,43.9,0.0006173956827932869
826.0,88677.0,43.8,0.0006173956827932869
825.0,88731.0,43.8,0.0006173956827932869
824.0,88785.0,43.82,0.0006173956827932869
823.0,88839.0,43.8,0.0006173956827932869
822.0,88892.0,43.8,0.0006173956827932869
821.0,88946.0,43.8,0.0006173956827932869
820.0,89000.0,43.8,0.0006173956827932869
819.0,89054.0,43.8,0.0006173956827932869
818.0,89108.0,43.8,0.0006173956827932869
817.0,89161.0,43.8,0.0006173956827932869
816.0,89215.0,43.8,0.0006173956827932869
815.0,89269.0,43.8,0.0006173956827932869
814.0,89323.0,43.8,0.0006173956827932869
813.0,89377.0,43.8,0.0006173956827932869
812.0,89430.0,43.8,0.0006173956827932869
811.0,89484.0,43.8,0
810.0,89538.0,44.8,0.0007395940832473335
809.0,89592.0,43.8,0.0007395940832473335
808.0,89645.0,43.8,0.0007395940832473335
807.0,89699.0,43.8,0.0007395940832473335
806.0,89753.0,43.8,0.0007395940832473335
805.0,89807.0,43.8,0.0007395940832473335
804.0,89861.0,43.8,0.0007395940832473335
803.0,89914.0,43.8,0.0007395940832473335
802.0,89968.0,43.8,0.0007395940832473335
801.0,90022.0,43.8,0.0007395940832473335
800.0,90076.0,43.8,0.0007395940832473335
799.0,90130.0,43.8,0.0007395940832473335
798.0,90183.0,43.8,0.0007395940832473335
797.0,90237.0,43.8,0.0007395940832473335
796.0,90291.0,43.8,0.0007395940832473335
795.0,90345.0,43.8,0.0007395940832473335
794.0,90399.0,43.8,0.0007395940832473335
793.0,90452.0,43.8,0.0007395940832473335
792.0,90506.0,43.8,0.0007395940832473335
791.0,90560.0,43.8,0.0007395940832473335
790.0,90614.0,43.8,0.0007395940832473335
789.0,90667.0,43.8,0.0007395940832473335
788.0,90721.0,43.8,0.0007395940832473335
787.0,90775.0,43.8,0.0007395940832473335
786.0,90829.0,43.8,0.0007395940832473335
785.0,90883.0,43.8,0.0007395940832473335
784.0,90936.0,43.8,0.0007395940832473335
783.0,90990.0,43.8,0.0007395940832473335
782.0,91044.0,43.8,0.0007395940832473335
781.0,91098.0,43.8,0.0007395940832473335
780.0,91152.0,43.8,0.0007395940832473335
779.0,91205.0,43.8,0.0007395940832473335
778.0,91259.0,43.8,0.0007395940832473335
777.0,91313.0,43.8,0.0007395940832473335
776.0,91367.0,43.8,0.0007395940832473335
775.0,91421.0,43.8,0.0007395940832473335
774.0,91474.0,43.8,0.0007395940832473335
773.0,91528.0,43.8,0.0007395940832473335
772.0,91582.0,43.8,0.0007395940832473335
771.0,91636.0,43.8,0.0007395940832473335
770.0,91689.0,43.8,0.0007395940832473335
769.0,91743.0,43.8,0.0007395940832473335
768.0,91797.0,43.8,0.0007395940832473335
767.0,91851.0,43.8,0.0007395940832473335
766.0,91905.0,43.8,0.0007395940832473335
765.0,91958.0,43.8,0.0007395940832473335
764.0,92012.0,43.8,0.0007395940832473335
763.0,92066.0,43.8,0.0007395940832473335
762.0,92120.0,43.8,0.0007395940832473335
761.0,92174.0,43.8,0.0007395940832473335
760.0,92227.0,43.8,0.0007395940832473335
759.0,92281.0,43.8,0.0007395940832473335
758.0,92335.0,43.8,0.0007395940832473335
757.0,92389.0,43.8,0.0007395940832473335
756.0,92443.0,43.8,0.0007395940832473335
755.0,92496.0,43.8,0.0007395940832473335
754.0,92550.0,43.8,0.0007395940832473335
753.0,92604.0,43.8,0.0007395940832473335
752.0,92658.0,43.8,0.0007395940832473335
751.0,92712.0,43.8,0.0007395940832473335
750.0,92765.0,43.8,0.0007395940832473335
749.0,92819.0,43.8,0.0007395940832473335
748.0,92873.0,43.8,0.0007395940832473335
747.0,92927.0,43.8,0.0007395940832473335
746.0,92980.0,43.8,0.0007395940832473335
745.0,93034.0,43.8,0.0007395940832473335
744.0,93088.0,43.89,0.0007395940832473335
743.0,93142.0,44.03,0.0007395940832473335
742.0,93196.0,43.8,0.0007395940832473335
741.0,93249.0,43.8,0.0007395940832473335
740.0,93303.0,43.8,0.0007395940832473335
739.0,93357.0,43.8,0.0007395940832473335
737.0,93410.78558,43.8,0.0007395940832473335
738.0,93411.0,43.8,0.0007395940832473335
736.0,93635.13669,43.62,0.0007395940832473335
733.0,93639.45841,43.62,0.0007395940832473335
735.0,93648.19928,43.58,0
734.0,93725.94945,43.59,0.0019003099257892096
732.0,93772.0,43.0,0.0019003099257892096
731.0,93905.0,43.0,0.0019003099257892096
730.0,94038.0,43.0,0
729.0,94171.0,43.0,0.0005963501553359999
727.0,94303.92072,42.47,0
728.0,94304.0,43.0,0.0006097467768928942
726.0,94450.76505,42.46,0.0006097467768928942
725.0,94558.673,42.46,0.0006097467768928942
724.0,94632.06081,42.46,0.0006097467768928942
723.0,94739.97737,42.46,0.0006097467768928942
722.0,94830.67271,42.46,0.0006097467768928942
721.0,94925.64269,42.46,0.0006097467768928942
720.0,94947.39,42.46,0.0006097467768928942
719.0,94969.14071,42.46,0.0006097467768928942
718.0,95021.44131,42.46,0.0006097467768928942
717.0,95121.22035,42.46,0.0006097467768928942
716.0,95169.03106,42.45,0.0006097467768928942
715.0,95247.55199,42.47,0.0006097467768928942
714.0,95299.46396,42.45,0
713.0,95344.0,42.46,0.0006290351348906427
668.0,95352.0,40.5,0
712.0,95389.0,42.46,0.000634889056239486
667.0,95405.0,40.5,0
711.0,95433.0,42.46,0.0006407192083548951
666.0,95458.0,40.5,0.0006407192083548951
710.0,95478.0,42.46,0.0006407192083548951
665.0,95511.0,42.46,0
709.0,95522.0,42.46,0.0006528455506715007
664.0,95564.0,40.5,0.0006528455506715007
708.0,95567.0,42.46,0
707.0,95611.0,42.46,0.0006654397575978536
663.0,95617.0,40.5,0
706.0,95656.0,42.46,0.000671994392896297
662.0,95670.0,40.5,0
705.0,95701.0,42.46,0.0006786794401358862
661.0,95723.0,40.5,0
704.0,95745.0,42.46,0.0006853457999297019
660.0,95776.0,40.5,0
703.0,95790.0,42.46,0.0006923005021659197
659.0,95829.0,40.5,0.0006923005021659197
702.0,95834.0,42.46,0
701.0,95879.0,42.46,0.0007064795101956845
658.0,95882.0,40.5,0
700.0,95923.0,42.46,0.0007137060979211741
657.0,95935.0,40.5,0
699.0,95968.0,42.46,0.0007212514629129327
656.0,95988.0,40.5,0
698.0,96013.0,42.46,0.0007289580731572351
655.0,96041.0,40.5,0
697.0,96057.0,42.46,0.0007366543487021747
654.0,96094.0,40.5,0.0007366543487021747
696.0,96102.0,42.46,0
695.0,96146.0,42.46,0.0007527294718474888
653.0,96147.0,40.5,0
694.0,96191.0,42.46,0.0007611273659873502
652.0,96200.0,40.5,0
693.0,96235.0,42.46,0.0007695218223981233
651.0,96253.0,40.5,0.0007695218223981233
692.0,96280.0,42.46,0
691.0,96280.01004,42.45,0.0007757675645831435
650.0,96306.0,40.5,0
690.0,96319.24874,42.45,0.0007835622448122133
649.0,96359.0,40.5,0
689.0,96379.97634,42.48,0.0008037426502806772
648.0,96412.0,40.5,0
688.0,96440.75931,42.46,0.0008113684207043248
647.0,96465.0,40.5,0
687.0,96493.08201,42.41,0.000809345856422167
646.0,96518.0,40.5,0
686.0,96562.64806,43.4,0.0010950771546576988
645.0,96571.0,40.5,0
685.0,96602.04338,42.45,0.0008447328280115804
644.0,96623.0,40.5,0
684.0,96671.72932,42.68,0.0009260402918498445
643.0,96676.0,40.5,0
683.0,96728.3685,42.46,0.0008781158094597379
642.0,96729.0,40.5,0.0008781158094597379
641.0,96782.0,41.55,0
682.0,96819.73236,42.54,0.0009251758481734605
640.0,96835.0,41.49,0.00039007486958633216
639.0,96888.0,40.5,0
681.0,96898.02475,42.44,0.0009168890435742482
638.0,96941.0,40.5,0
680.0,96976.35374,42.57,0.0009790228167609561
637.0,96994.0,40.5,0
679.0,97041.8309,42.45,0.0009614600317294389
636.0,97047.0,40.5,0.0009614600317294389
635.0,97100.0,40.5,0
678.0,97112.11549,42.45,0.0009831720117814463
634.0,97153.0,40.5,0
677.0,97181.89326,42.46,0.0010090063711488799
633.0,97206.0,40.5,0
676.0,97226.58031,42.45,0.0010207110307063627
632.0,97259.0,40.5,0.0010207110307063627
675.0,97266.86537,42.45,0
674.0,97307.24182,42.45,0.0010489335451511791
631.0,97312.0,40.5,0
673.0,97343.16615,42.45,0.0010620116405846525
630.0,97365.0,40.5,0
672.0,97392.01836,42.45,0.001080328366442469
629.0,97418.0,40.5,0.001080328366442469
628.0,97471.0,40.5,0
671.0,97508.95852,42.11,0.0004868743542828871
627.0,97524.0,40.5,0
669.0,97539.23224,41.99,0.0004715545790455847
626.0,97577.0,40.5,0
670.0,97582.36478,42.03,0.0004803919374872064
625.0,97630.0,40.5,0.0004803919374872064
624.0,97683.0,40.5,0.0004803919374872064
623.0,97736.0,40.5,0.0004803919374872064
622.0,97789.0,40.5,0.0004803919374872064
621.0,97842.0,40.5,0.0004803919374872064
620.0,97895.0,40.5,0.0004803919374872064
619.0,97947.0,40.5,0
618.0,98000.0,40.5,0.0004964475803797771
614.0,100224.4905,39.39,0.0004964475803797771
615.0,100227.0,39.39,0.0004964475803797771
616.0,100230.5134,39.39,0.0004964475803797771
613.0,100233.6798,39.39,0.0004964475803797771
612.0,100239.7226,39.39,0.0004964475803797771
617.0,100240.2138,39.39,0.0004964475803797771
610.0,100257.1424,39.39,0.0004964475803797771
611.0,100259.1698,39.39,0.0004964475803797771
609.0,100272.6757,39.39,0.0004964475803797771
608.0,100384.0,39.39,0.0004964475803797771
605.0,100462.6511,39.4,0.0004964475803797771
606.0,100480.0,39.39,0.0004964475803797771
607.0,100496.4923,39.39,0.0004964475803797771
604.0,100513.4155,39.39,0.0004964475803797771
603.0,100571.8653,39.39,0.0004964475803797771
602.0,100674.5343,39.39,0.0004964475803797771
598.0,100720.4866,39.39,0.0004964475803797771
599.0,100734.2689,39.39,0.0004964475803797771
600.0,100748.0659,39.39,0.0004964475803797771
601.0,100769.0017,39.39,0.0004964475803797771
595.0,100852.1943,39.39,0.0004964475803797771
596.0,100899.4615,39.39,0.0004964475803797771
597.0,100912.3126,39.39,0.0004964475803797771
594.0,100925.0,39.39,0.0004964475803797771
593.0,100998.1372,39.39,0.0004964475803797771
592.0,101083.9672,39.39,0.0004964475803797771
591.0,101192.6653,39.39,0.0004964475803797771
590.0,101282.631,39.39,0.0004964475803797771
589.0,101380.8942,39.39,0.0004964475803797771
588.0,101395.0,39.39,0.0004964475803797771
587.0,101409.9236,39.39,0.0004964475803797771
586.0,101463.9326,39.39,0.0004964475803797771
581.0,101509.2712,39.39,0.0004964475803797771
585.0,101535.4661,39.39,0.0004964475803797771
582.0,101540.4447,39.39,0.0004964475803797771
584.0,101552.5031,39.39,0.0004964475803797771
583.0,101558.4634,39.39,0.0004964475803797771
580.0,101680.3825,39.39,0.0004964475803797771
579.0,101699.5,39.39,0.0004964475803797771
578.0,101719.0413,39.39,0.0004964475803797771
577.0,101800.8386,39.39,0.0004964475803797771
576.0,101886.8454,39.39,0.0004964475803797771
575.0,101938.3997,39.4,0.0004964475803797771
574.0,101989.2067,39.39,0.0004964475803797771
573.0,102079.4595,39.39,0.0004964475803797771
572.0,102199.9643,39.39,0.0004964475803797771
571.0,102286.0112,39.39,0.0004964475803797771
570.0,102359.166,39.39,0.0004964475803797771
566.0,102370.569,39.39,0.0004964475803797771
567.0,102378.4491,39.4,0.0004964475803797771
568.0,102386.8696,39.4,0.0004964475803797771
569.0,102391.0809,39.4,0.0004964475803797771
2213.0,102699.8229,39.39,0.0004964475803797771
565.0,102717.8485,39.39,0.0004964475803797771
564.0,102751.6323,39.39,0.0004964475803797771
2212.0,102763.8938,39.39,0.0004964475803797771
2211.0,102819.152,39.39,0.0004964475803797771
2210.0,102900.6471,39.39,0.0004964475803797771
2209.0,102990.9992,39.39,0.0004964475803797771
2208.0,103094.4327,39.39,0.0004964475803797771
2207.0,103193.4578,39.39,0.0004964475803797771
2206.0,103283.8313,39.39,0.0004964475803797771
2205.0,103365.4137,39.39,0.0004964475803797771
2204.0,103442.6365,39.39,0.0004964475803797771
2203.0,103502.6057,39.39,0.0004964475803797771
2202.0,103571.2804,39.39,0.0004964475803797771
2200.0,103583.5396,39.39,0
2201.0,103588.1474,40.11,0.002222431515266106
2199.0,103609.2315,39.39,0.002222431515266106
2198.0,103652.2724,39.39,0.002222431515266106
2197.0,103686.7577,39.39,0.002222431515266106
2196.0,103712.6985,39.39,0.002222431515266106
2195.0,103757.0,39.39,0.002222431515266106
2194.0,103803.6421,39.39,0.002222431515266106
2193.0,103872.8972,39.39,0.002222431515266106
2192.0,103933.594,39.39,0.002222431515266106
2191.0,103984.0,39.39,0.002222431515266106
2190.0,104033.7167,39.39,0.002222431515266106
2189.0,104060.2078,39.39,0.002222431515266106
2188.0,104078.1909,39.39,0.002222431515266106
2187.0,104096.2684,39.39,0.002222431515266106
2186.0,104140.1982,39.39,0.002222431515266106
2185.0,104209.9475,39.39,0.002222431515266106
2184.0,104296.6754,39.41,0.002222431515266106
2183.0,104391.764,39.41,0.002222431515266106
2166.0,104395.3411,39.38,0
2165.0,104406.5522,39.39,0.004955894933109036
2162.0,104410.123,38.75,0.004955894933109036
2163.0,104420.1838,39.18,0.004955894933109036
2167.0,104427.8692,39.38,0
2164.0,104434.8875,39.31,0.005057081387529132
2161.0,104468.1563,38.57,0.005057081387529132
2168.0,104477.5172,39.38,0
2182.0,104486.8551,39.39,0.0056858324462211824
2160.0,104544.048,38.51,0.0056858324462211824
2169.0,104553.7902,39.39,0.0056858324462211824
2181.0,104556.7069,39.39,0.0056858324462211824
2180.0,104575.1688,39.39,0
2179.0,104602.2932,39.39,0.007213048078222914
2159.0,104602.3697,38.57,0.007213048078222914
2178.0,104607.9352,39.4,0.007213048078222914
2177.0,104626.67,39.39,0.007213048078222914
2170.0,104630.1001,39.39,0
2176.0,104662.6115,39.39,0.008390660491140477
2158.0,104687.436,38.55,0.008390660491140477
2171.0,104688.9231,39.41,0.008390660491140477
2175.0,104711.6445,39.39,0.008390660491140477
2172.0,104712.7745,39.4,0.008390660491140477
2174.0,104717.6289,39.39,0
2173.0,104728.1764,39.4,0.010233848371221965
2157.0,104782.1923,38.39,0.0013952550889855034
2156.0,104877.5345,37.59,0.001246525366289471
2155.0,104969.5173,37.04,0.0011474148776954788
2154.0,105032.0699,36.29,0.0011474148776954788
2153.0,105094.6774,36.29,0.0011474148776954788
2152.0,105169.7618,36.29,0.0011474148776954788
2151.0,105257.9451,36.29,0.0011474148776954788
2150.0,105341.5869,36.29,0.0011474148776954788
2149.0,105429.1632,36.29,0.0011474148776954788
2148.0,105524.5646,36.29,0.0011474148776954788
561.0,105612.952,36.29,0.0011474148776954788
563.0,105621.6561,36.3,0.0011474148776954788
2147.0,105628.456,36.29,0.0011474148776954788
560.0,105639.1179,36.29,0.0011474148776954788
559.0,105695.3155,36.29,0.0011474148776954788
2146.0,105724.5436,36.33,0.0011474148776954788
558.0,105733.8213,36.29,0.0011474148776954788
562.0,105776.1962,36.29,0.0011474148776954788
557.0,105784.6717,36.29,0.0011474148776954788
556.0,105874.0413,36.29,0.0011474148776954788
555.0,105976.5033,36.29,0.0011474148776954788
548.0,105994.4422,36.29,0.0011474148776954788
549.0,106023.0553,36.3,0.0011474148776954788
550.0,106034.7647,36.29,0.0011474148776954788
547.0,106039.1044,36.35,0.0011474148776954788
551.0,106046.5747,36.29,0.0011474148776954788
554.0,106061.301,36.29,0.0011474148776954788
553.0,106071.5595,36.41,0.0011474148776954788
552.0,106074.7633,36.29,0.0011474148776954788
546.0,106106.5775,36.36,0.0011474148776954788
545.0,106139.4683,36.33,0.0011474148776954788
544.0,106197.9372,36.35,0.0011474148776954788
543.0,106292.7038,36.34,0.0011474148776954788
542.0,106306.0,36.32,0.0011474148776954788
541.0,106319.9162,36.32,0.0011474148776954788
540.0,106371.6326,36.32,0.0011474148776954788
539.0,106515.8627,36.33,0.0011474148776954788
538.0,106550.4827,36.32,0.0011474148776954788
537.0,106572.0442,36.3,0.0011474148776954788
536.0,106606.0577,36.31,0.0011474148776954788
535.0,106690.5121,36.29,0.0011474148776954788
534.0,106714.2884,36.29,0.0011474148776954788
533.0,106776.7119,36.42,0.0011474148776954788
532.0,106806.0,36.3,0.0011474148776954788
530.0,106835.764,36.35,0.0011474148776954788
531.0,106836.0,36.3,0.0011474148776954788
529.0,106993.078,36.29,0.0011474148776954788
528.0,107145.9596,36.35,0.0011474148776954788
527.0,107235.7246,36.33,0.0011474148776954788
526.0,107336.0282,36.35,0.0011474148776954788
525.0,107401.2307,36.36,0.0011474148776954788
524.0,107458.4342,36.31,0.0011474148776954788
523.0,107499.1542,36.35,0.0011474148776954788
522.0,107552.4262,36.35,0.0011474148776954788
521.0,107610.2678,36.32,0.0011474148776954788
520.0,107745.3174,36.34,0.0011474148776954788
519.0,107823.6315,36.3,0.0011474148776954788
518.0,107892.2859,36.32,0.0011474148776954788
517.0,107960.9424,36.32,0.0011474148776954788
516.0,108029.6009,36.33,0.0011474148776954788
515.0,108146.4942,36.29,0.0011474148776954788
514.0,108267.9317,36.31,0.0011474148776954788
513.0,108363.2675,36.29,0.0011474148776954788
512.0,108437.043,36.31,0.0011474148776954788
511.0,108487.0,36.3,0.0011474148776954788
510.0,108536.3456,36.3,0.0011474148776954788
509.0,108693.5047,36.29,0.0011474148776954788
508.0,108753.0971,36.29,0.0011474148776954788
507.0,108906.3771,36.32,0.0011474148776954788
506.0,108943.3793,36.34,0.0011474148776954788
505.0,108977.0,36.34,0.0011474148776954788
504.0,109010.5196,36.35,0.0011474148776954788
503.0,109176.0319,36.36,0.0011474148776954788
502.0,109226.2537,36.35,0.0011474148776954788
496.0,109294.991,36.3,0.0011474148776954788
501.0,109306.6203,36.34,0.0011474148776954788
495.0,109314.3339,36.37,0.0011474148776954788
494.0,109333.0,36.3,0.0011474148776954788
497.0,109347.4478,36.3,0.0011474148776954788
492.0,109352.6581,36.36,0
493.0,109353.0,36.3,0.47777777777777747
384.0,109362.0,32.0,4.800000000000001
192.0,109363.0,27.2,0
500.0,109365.0323,36.29,0.7014061576551802
308.0,109374.0,30.0,0.0001622944585131552
180.0,109376.0,27.2,0.0001622944585131552
499.0,109380.3968,36.36,0
498.0,109391.7723,36.31,0.2501784916152027
383.0,109409.0,32.0,2.4000000000000004
191.0,109411.0,27.2,0
462.0,109431.0,36.35,8.05
274.0,109432.0,28.3,0
307.0,109434.0,30.0,0.00016273960011899724
179.0,109437.0,27.2,0.00016273960011899724
382.0,109457.0,32.0,0
491.0,109476.5778,36.29,0.36103362376735887
306.0,109494.0,30.0,0.000163187190311624
178.0,109498.0,27.2,0.000163187190311624
381.0,109505.0,32.0,0
461.0,109548.0,36.33,8.029999999999998
273.0,109549.0,28.3,0
380.0,109552.0,32.0,0.6857142857142858
305.0,109554.0,30.0,0.00016363724935013703
177.0,109559.0,27.2,0.00016363724935013703
379.0,109600.0,32.0,0
490.0,109601.202,36.34,0.5373792168166273
304.0,109613.0,30.0,0.00016408223473440403
176.0,109621.0,27.2,0.00016408223473440403
378.0,109647.0,32.0,0
489.0,109652.5706,36.32,0.55580966637584
272.0,109667.0,28.3,0.55580966637584
303.0,109673.0,30.0,0
377.0,109695.0,32.0,0.041111111111111105
302.0,109733.0,30.0,0.041111111111111105
376.0,109743.0,32.0,0
488.0,109763.8915,36.38,0.3827841864651301
271.0,109785.0,28.3,0
375.0,109790.0,32.0,0.03303571428571428
301.0,109793.0,30.0,0
487.0,109810.5389,36.36,0.1587700419866622
374.0,109838.0,32.0,0.05781249999999999
300.0,109853.0,30.0,0.05781249999999999
373.0,109885.0,32.0,0
486.0,109900.0624,36.3,4.128819157710769
270.0,109902.0,28.3,0
484.0,109910.3907,36.33,3.9333871869844095
299.0,109912.0,30.0,3.9333871869844095
485.0,109920.2469,36.35,0
483.0,109931.241,36.34,2.4673109721355906
372.0,109933.0,32.0,0.0425287356321839
298.0,109972.0,30.0,0.000166842899947434
269.0,110020.0,28.3,0.000166842899947434
297.0,110032.0,30.0,0
482.0,110051.1721,36.35,0.15553089921351332
296.0,110092.0,30.0,0.15553089921351332
481.0,110102.4711,36.35,0
480.0,110115.248,36.35,0.37008091210015365
268.0,110137.0,28.3,0.37008091210015365
295.0,110152.0,30.0,0
479.0,110174.9728,36.35,0.17625571790204522
294.0,110211.0,30.0,0
478.0,110234.4054,36.34,0.3903935983219526
267.0,110255.0,28.3,0.3903935983219526
293.0,110271.0,30.28,0
477.0,110342.5939,36.36,0.27409279027147265
266.0,110372.0,28.3,0.27409279027147265
476.0,110373.0,36.4,0.27409279027147265
475.0,110403.0937,36.32,0
474.0,110476.5726,36.28,0.5943071629652583
265.0,110490.0,28.3,0
473.0,110571.6233,36.28,0.2255721986505661
264.0,110607.0,28.3,0
472.0,110684.0447,36.28,0.1948465766335424
263.0,110725.0,28.3,0.1948465766335424
471.0,110805.0626,36.28,0.1948465766335424
470.0,110869.9665,36.28,0.1948465766335424
469.0,110982.2058,36.28,0.1948465766335424
468.0,111077.2711,36.28,0.1948465766335424
467.0,111176.7355,36.28,0.1948465766335424
466.0,111271.807,36.32,0.1948465766335424
465.0,111349.7116,36.36,0.1948465766335424
464.0,111392.8496,36.36,0.1948465766335424
463.0,111405.8342,36.36,0.1948465766335424
460.0,111639.3555,36.35,0.1948465766335424
459.0,111812.3682,36.36,0.1948465766335424
458.0,111933.4382,36.36,0.1948465766335424
457.0,112032.9448,36.35,0.1948465766335424
456.0,112128.0438,36.34,0.1948465766335424
455.0,112214.5679,36.34,0.1948465766335424
454.0,112322.6643,36.35,0.1948465766335424
453.0,112409.1959,36.36,0.1948465766335424
452.0,112495.7313,36.36,0.1948465766335424
451.0,112590.8444,36.36,0.1948465766335424
450.0,112685.429,36.35,0.1948465766335424
449.0,112774.8594,36.35,0.1948465766335424
448.0,112847.2133,36.35,0.1948465766335424
447.0,112911.0551,36.35,0.1948465766335424
446.0,112936.216,36.35,0.1948465766335424
445.0,112974.5891,36.35,0.1948465766335424
444.0,113013.1615,36.35,0.1948465766335424
443.0,113098.763,36.35,0.1948465766335424
442.0,113162.8616,36.35,0.1948465766335424
441.0,113214.4586,36.35,0.1948465766335424
440.0,113227.1565,36.35,0.1948465766335424
439.0,113270.1661,36.35,0.1948465766335424
438.0,113399.3375,36.35,0.1948465766335424
437.0,113507.1862,36.35,0.1948465766335424
436.0,113602.0693,36.35,0.1948465766335424
435.0,113709.9181,36.35,0.1948465766335424
434.0,113796.3172,36.35,0.1948465766335424
433.0,113847.941,36.34,0.1948465766335424
432.0,113998.7033,36.34,0.1948465766335424
431.0,114089.4528,36.34,0.1948465766335424
430.0,114197.3016,36.32,0.1948465766335424
429.0,114288.1807,36.27,0.1948465766335424
428.0,114400.2696,36.21,0.1948465766335424
427.0,114499.5147,36.19,0.1948465766335424
426.0,114598.8849,36.1,0.1948465766335424
425.0,114706.8623,36.17,0.1948465766335424
424.0,114780.3051,36.2,0.1948465766335424
423.0,114883.9206,36.23,0.1948465766335424
422.0,114978.9373,36.21,0.1948465766335424
421.0,115078.3278,36.18,0.1948465766335424
420.0,115181.949,36.22,0.1948465766335424
414.0,115257.1648,35.84,0.1948465766335424
419.0,115268.0829,36.22,0.1948465766335424
415.0,115274.658,35.94,0.1948465766335424
416.0,115309.4611,36.04,0.1948465766335424
413.0,115330.3883,35.8,0.1948465766335424
417.0,115344.3352,36.17,0
418.0,115353.5802,36.2,0.0014420166545232819
412.0,115358.0,35.7,0
411.0,115386.376,35.65,0.0012758872129169654
410.0,115403.6686,35.15,0.0012758872129169654
409.0,115533.1367,34.98,0.0012758872129169654
408.0,115619.4807,34.89,0.0012758872129169654
407.0,115744.7321,34.75,0.0012758872129169654
406.0,115874.2592,34.58,0.0012758872129169654
405.0,115960.7296,34.5,0.0012758872129169654
404.0,116051.4397,34.52,0.0012758872129169654
403.0,116133.5155,34.3,0.0012758872129169654
402.0,116228.5237,34.02,0.0012758872129169654
401.0,116327.8154,33.87,0.0012758872129169654
400.0,116396.8933,33.85,0.0012758872129169654
399.0,116517.7591,33.66,0.0012758872129169654
398.0,116608.41,33.54,0.0012758872129169654
397.0,116703.2411,33.56,0.0012758872129169654
396.0,116785.2444,33.28,0.0012758872129169654
395.0,116884.4468,33.24,0.0012758872129169654
394.0,116988.22,33.24,0.0012758872129169654
393.0,117005.5177,33.24,0.0012758872129169654
392.0,117135.2706,33.24,0.0012758872129169654
391.0,117290.5263,33.24,0.0012758872129169654
390.0,117376.4768,33.23,0.0012758872129169654
389.0,117423.7894,33.21,0.0012758872129169654
388.0,117434.0,33.2,0.0012758872129169654
387.0,117445.1713,33.12,0.0012758872129169654
386.0,117638.9724,32.71,0
385.0,117738.2546,32.84,0.0005965772817264973
371.0,118356.858,31.86,0.0005965772817264973
370.0,118486.7096,32.9,0.0005965772817264973
369.0,118508.2791,32.68,0.0005965772817264973
368.0,118607.776,32.43,0.0005965772817264973
367.0,118703.0372,32.05,0.0005965772817264973
366.0,118772.6817,32.74,0.0005965772817264973
365.0,118799.2377,33.13,0.0005965772817264973
364.0,118855.57,32.8,0.0005965772817264973
362.0,118894.578,32.57,0
363.0,118911.9146,32.56,0.0006894238710098544
361.0,118924.8153,32.04,0.0006894238710098544
360.0,118954.4588,32.12,0.0006894238710098544
359.0,119061.7466,31.79,0.0006894238710098544
358.0,119134.7644,31.78,0
357.0,119190.3111,31.79,0.0006608697164851871
356.0,119228.7321,31.02,0.0006608697164851871
355.0,119348.7933,31.02,0.0006608697164851871
354.0,119400.7192,31.02,0.0006608697164851871
353.0,119513.244,31.02,0.0006608697164851871
352.0,119625.2075,31.04,0.0006608697164851871
351.0,119698.3006,31.16,0.0006608697164851871
350.0,119758.4898,31.04,0.0006608697164851871
349.0,119822.9556,31.02,0.0006608697164851871
348.0,119891.7076,31.09,0.0006608697164851871
347.0,119969.0322,31.02,0.0006608697164851871
346.0,120089.7113,31.02,0.0006608697164851871
345.0,120113.41,31.02,0.0006608697164851871
344.0,120137.1289,31.02,0.0006608697164851871
343.0,120279.8579,31.02,0.0006608697164851871
342.0,120345.0,31.0,0.0006608697164851871
341.0,120409.6063,31.02,0.0006608697164851871
339.0,120503.0,31.0,0.0006608697164851871
340.0,120595.7049,31.03,0.0006608697164851871
338.0,120678.002,31.02,0.0006608697164851871
337.0,120747.0,31.02,0.0006608697164851871
336.0,120816.5246,31.02,0.0006608697164851871
335.0,121007.4073,31.03,0.0006608697164851871
334.0,121027.0,31.0,0.0006608697164851871
333.0,121046.4873,31.04,0
332.0,121206.9097,31.02,0.000624844529083878
329.0,121343.9761,30.26,0.000624844529083878
330.0,121355.8735,30.26,0
331.0,121367.3976,31.02,0.000646015248113238
328.0,121383.9653,30.26,0.000646015248113238
327.0,121419.5409,30.26,0.000646015248113238
326.0,121464.1639,30.62,0.000646015248113238
325.0,121473.162,30.54,0.000646015248113238
324.0,121504.0,30.6,0.000646015248113238
323.0,121534.3102,30.61,0.000646015248113238
322.0,121647.3077,30.29,0.000646015248113238
321.0,121803.8058,30.3,0.000646015248113238
320.0,121904.7069,30.51,0.000646015248113238
319.0,121953.8572,30.68,0.000646015248113238
318.0,121998.5363,30.59,0.000646015248113238
317.0,122043.2754,30.43,0.000646015248113238
316.0,122083.9311,30.41,0.000646015248113238
315.0,122129.2386,30.44,0.000646015248113238
314.0,122174.1781,30.56,0.000646015248113238
313.0,122219.1772,30.63,0.000646015248113238
312.0,122254.0619,30.63,0.000646015248113238
311.0,122284.8284,30.64,0.000646015248113238
310.0,122359.7098,30.63,0
309.0,122420.7852,30.64,0.0005895892867741833
291.0,123437.4324,29.44,0.0005895892867741833
290.0,123516.1487,29.37,0.0005895892867741833
289.0,123629.2502,29.2,0.0005895892867741833
288.0,123721.423,29.16,0.0005895892867741833
292.0,123750.0,29.1,0.0005895892867741833
287.0,123812.3553,28.9,0.0005895892867741833
286.0,123881.0995,28.69,0.0005895892867741833
285.0,123953.9074,28.77,0.0005895892867741833
284.0,124061.7129,28.77,0.0005895892867741833
283.0,124114.0,28.8,0.0005895892867741833
282.0,124166.7091,28.76,0.0005895892867741833
281.0,124271.7245,28.73,0.0005895892867741833
280.0,124343.0424,28.78,0.0005895892867741833
279.0,124456.8626,28.79,0.0005895892867741833
278.0,124490.5677,28.71,0.0005895892867741833
277.0,124537.7375,28.72,0.0005895892867741833
276.0,124541.7879,28.72,0
275.0,124558.6446,28.73,0.00024056548506027242
262.0,125969.3797,28.08,0.00024056548506027242
261.0,126104.1279,27.96,0.00024056548506027242
260.0,126198.4494,27.96,0.00024056548506027242
259.0,126284.0163,27.96,0.00024056548506027242
258.0,126369.5878,27.96,0.00024056548506027242
257.0,126480.7717,27.96,0.00024056548506027242
256.0,126562.3048,28.1,0.00024056548506027242
255.0,126639.7898,27.96,0.00024056548506027242
254.0,126679.0,27.9,0.00024056548506027242
253.0,126718.592,27.96,0.00024056548506027242
252.0,126876.2277,27.96,0.00024056548506027242
251.0,126907.0,27.9,0.00024056548506027242
250.0,126936.8644,27.96,0.00024056548506027242
249.0,127108.0326,27.96,0.00024056548506027242
248.0,127230.7099,27.96,0.00024056548506027242
247.0,127330.441,27.96,0.00024056548506027242
246.0,127407.9116,27.96,0.00024056548506027242
233.0,127419.4611,27.96,0.00024056548506027242
229.0,127449.7495,27.96,0.00024056548506027242
234.0,127451.3465,27.96,0.00024056548506027242
245.0,127452.0,28.0,0.00024056548506027242
232.0,127465.8746,27.96,0.00024056548506027242
230.0,127468.6933,27.99,0.00024056548506027242
231.0,127490.7908,27.99,0.00024056548506027242
244.0,127495.5558,27.96,0.00024056548506027242
235.0,127496.8414,28.15,0.00024056548506027242
228.0,127502.1207,28.04,0.00024056548506027242
227.0,127574.3301,28.13,0.00024056548506027242
236.0,127581.4746,27.96,0.00024056548506027242
226.0,127626.234,28.13,0.00024056548506027242
243.0,127636.5341,27.97,0.00024056548506027242
237.0,127662.9126,27.96,0.00024056548506027242
225.0,127669.3359,27.97,0.00024056548506027242
242.0,127695.3571,27.96,0.00024056548506027242
238.0,127701.2411,27.96,0.00024056548506027242
224.0,127737.0322,27.96,0.00024056548506027242
239.0,127739.5711,27.96,0.00024056548506027242
241.0,127741.446,27.96,0.00024056548506027242
223.0,127773.4913,27.99,0.00024056548506027242
240.0,127774.8103,27.96,0.00024056548506027242
222.0,127871.5611,27.96,0.00024056548506027242
221.0,127960.8406,27.96,0.00024056548506027242
220.0,128054.9659,27.96,0
219.0,128140.2988,27.96,0.00022222423155024673
218.0,128238.3943,27.21,0.00022222423155024673
216.0,128250.6083,27.24,0.00022222423155024673
217.0,128289.9629,27.2,0.00022222423155024673
215.0,128339.1578,27.2,0.00022222423155024673
214.0,128390.2342,27.2,0.00022222423155024673
213.0,128446.1131,27.2,0.00022222423155024673
212.0,128544.2893,27.2,0.00022222423155024673
211.0,128628.8961,27.2,0.00022222423155024673
210.0,128692.761,27.2,0.00022222423155024673
209.0,128799.7412,27.2,0.00022222423155024673
208.0,128885.963,27.18,0.00022222423155024673
207.0,128950.6294,27.22,0.00022222423155024673
206.0,129036.0601,27.2,0.00022222423155024673
205.0,129113.5027,27.2,0.00022222423155024673
201.0,129151.9053,27.2,0.00022222423155024673
200.0,129169.6811,27.31,0.00022222423155024673
204.0,129170.1788,27.19,0.00022222423155024673
202.0,129175.802,27.2,0.00022222423155024673
203.0,129186.1426,27.22,0.00022222423155024673
199.0,129232.0695,27.41,0.00022222423155024673
198.0,129269.0,27.3,0.00022222423155024673
197.0,129307.2361,27.22,0.00022222423155024673
196.0,129333.0,27.2,0.00022222423155024673
195.0,129359.9985,27.2,0.00022222423155024673
194.0,129590.8897,27.2,0.00022222423155024673
193.0,129668.3037,27.2,0.00022222423155024673
190.0,129765.0609,27.2,0.00022222423155024673
189.0,129957.3692,27.2,0.00022222423155024673
188.0,130021.7322,27.47,0.00022222423155024673
187.0,130080.3564,27.38,0.00022222423155024673
186.0,130142.9402,27.41,0.00022222423155024673
185.0,130231.0231,27.39,0.00022222423155024673
184.0,130303.5358,27.43,0.00022222423155024673
183.0,130367.2442,27.19,0.00022222423155024673
182.0,130447.637,27.2,0.00022222423155024673
181.0,130554.4572,27.2,0.00022222423155024673
175.0,130860.8318,27.2,0.00022222423155024673
174.0,131068.3424,27.2,0.00022222423155024673
173.0,131166.3175,27.2,0
172.0,131241.8017,27.49,0.00021865746763162475
171.0,131309.4378,26.44,0.00021865746763162475
170.0,131333.0482,26.44,0.00021865746763162475
169.0,131398.8582,26.44,0.00021865746763162475
168.0,131531.1872,26.44,0.00021865746763162475
167.0,131638.0288,26.48,0.00021865746763162475
166.0,131735.1704,26.44,0.00021865746763162475
165.0,131807.7246,26.44,0.00021865746763162475
164.0,131914.5855,26.43,0.00021865746763162475
163.0,131992.8871,26.45,0.00021865746763162475
162.0,132008.0,26.4,0.00021865746763162475
161.0,132023.2385,26.44,0.00021865746763162475
160.0,132181.6569,26.44,0.00021865746763162475
159.0,132252.0,26.4,0.00021865746763162475
158.0,132322.5053,26.44,0.00021865746763162475
157.0,132467.1284,26.44,0.00021865746763162475
152.0,132485.6807,26.44,0.00021865746763162475
156.0,132500.3329,26.44,0.00021865746763162475
151.0,132513.3476,26.45,0.00021865746763162475
153.0,132516.9426,26.44,0.00021865746763162475
155.0,132543.3519,26.44,0.00021865746763162475
154.0,132547.2571,26.44,0.00021865746763162475
150.0,132593.8089,26.47,0.00021865746763162475
149.0,132616.3953,26.46,0.00021865746763162475
148.0,132678.184,26.88,0.00021865746763162475
147.0,132748.8065,26.44,0.00021865746763162475
146.0,132821.2169,26.44,0.00021865746763162475
145.0,132915.1753,26.44,0.00021865746763162475
144.0,133013.0297,26.44,0.00021865746763162475
143.0,133054.0,26.4,0.00021865746763162475
142.0,133096.3601,26.44,0.00021865746763162475
141.0,133246.4336,26.44,0.00021865746763162475
140.0,133302.6025,26.51,0.00021865746763162475
139.0,133358.0,26.5,0.00021865746763162475
138.0,133413.1358,26.44,0.00021865746763162475
137.0,133431.0,26.4,0.00021865746763162475
136.0,133449.1606,26.44,0.00021865746763162475
133.0,133455.2776,26.45,0.00021865746763162475
134.0,133464.2346,26.49,0.00021865746763162475
132.0,133482.6506,26.44,0.00021865746763162475
135.0,133484.9535,26.45,0.00021865746763162475
131.0,133557.0646,26.44,0.00021865746763162475
130.0,133651.0919,26.44,0.00021865746763162475
129.0,133749.0431,26.44,0.00021865746763162475
128.0,133843.0787,26.44,0.00021865746763162475
127.0,133886.1753,26.44,0.00021865746763162475
126.0,133984.103,26.44,0.00021865746763162475
125.0,134012.5171,26.44,0.00021865746763162475
124.0,134050.7707,26.44,0.00021865746763162475
123.0,134089.0724,26.45,0.00021865746763162475
122.0,134148.9678,26.46,0.00021865746763162475
121.0,134219.5597,26.48,0.00021865746763162475
120.0,134246.0335,26.44,0.00021865746763162475
119.0,134317.0,26.4,0.00021865746763162475
118.0,134387.2442,26.44,0.00021865746763162475
117.0,134564.8557,26.5,0.00021865746763162475
116.0,134627.7298,26.46,0.00021865746763162475
115.0,134663.0541,26.44,0.00021865746763162475
114.0,134794.4592,26.44,0.00021865746763162475
113.0,134892.2714,26.44,0.00021865746763162475
112.0,134986.2082,26.44,0.00021865746763162475
111.0,135058.6049,26.53,0.00021865746763162475
110.0,135155.3768,26.53,0.00021865746763162475
109.0,135210.1287,26.43,0.00021865746763162475
108.0,135289.5844,26.44,0.00021865746763162475
107.0,135294.5276,26.44,0.00021865746763162475
106.0,135309.3643,26.44,0.00021865746763162475
105.0,135389.9138,26.46,0.00021865746763162475
104.0,135459.4968,26.44,0.00021865746763162475
103.0,135526.9348,26.46,0.00021865746763162475
102.0,135594.381,26.44,0.00021865746763162475
101.0,135674.5503,26.44,0.00021865746763162475
100.0,135781.2155,26.49,0.00021865746763162475
99.0,135834.9217,26.47,0.00021865746763162475
98.0,135886.5775,26.44,0.00021865746763162475
97.0,136033.4988,26.44,0.00021865746763162475
96.0,136068.7973,26.44,0.00021865746763162475
95.0,136146.1539,26.44,0.00021865746763162475
94.0,136256.7488,26.53,0.00021865746763162475
93.0,136324.2613,26.45,0.00021865746763162475
92.0,136373.1254,26.45,0.00021865746763162475
91.0,136438.6555,26.43,0.00021865746763162475
90.0,136517.9479,26.44,0.00021865746763162475
89.0,136614.8973,26.45,0.00021865746763162475
88.0,136699.1323,26.54,0.00021865746763162475
87.0,136805.9006,26.44,0.00021865746763162475
86.0,136903.8614,26.44,0.00021865746763162475
85.0,137001.8289,26.43,0.00021865746763162475
84.0,137082.1818,26.42,0
83.0,137184.0944,26.37,0.00024903782457633437
82.0,137237.1051,25.68,0.00024903782457633437
81.0,137333.2533,25.71,0.00024903782457633437
80.0,137422.4719,25.71,0.00024903782457633437
79.0,137529.3058,25.69,0.00024903782457633437
78.0,137627.342,25.68,0.00024903782457633437
77.0,137721.4376,25.74,0.00024903782457633437
76.0,137789.1327,25.69,0.00024903782457633437
75.0,137858.1117,25.6,0.00024903782457633437
74.0,137946.5125,25.64,0.00024903782457633437
73.0,138022.1781,25.66,0.00024903782457633437
72.0,138114.5877,25.66,0.00024903782457633437
71.0,138221.4946,25.66,0.00024903782457633437
70.0,138310.8231,25.66,0.00024903782457633437
69.0,138404.9785,25.66,0.00024903782457633437
68.0,138503.1104,25.66,0.00024903782457633437
67.0,138597.2734,25.66,0.00024903782457633437
66.0,138691.4397,25.66,0.00024903782457633437
65.0,138780.799,25.66,0.00024903782457633437
64.0,138874.9734,25.66,0.00024903782457633437
63.0,138973.1323,25.67,0.00024903782457633437
62.0,139067.3143,25.66,0.00024903782457633437
61.0,139156.6991,25.69,0.00024903782457633437
60.0,139232.5123,25.66,0.00024903782457633437
55.0,139240.831,25.66,0.00024903782457633437
59.0,139272.4215,25.66,0.00024903782457633437
52.0,139282.0744,25.66,0.00024903782457633437
56.0,139286.2101,25.66,0.00024903782457633437
58.0,139296.3937,25.66,0.00024903782457633437
51.0,139312.5,25.7,0.00024903782457633437
57.0,139314.8353,25.66,0.00024903782457633437
50.0,139343.4503,25.66,0.00024903782457633437
53.0,139404.8319,25.66,0.00024903782457633437
54.0,139413.6012,25.66,0.00024903782457633437
49.0,139435.1589,25.66,0.00024903782457633437
48.0,139559.7557,25.66,0.00024903782457633437
47.0,139654.0286,25.67,0.00024903782457633437
46.0,139748.3044,25.66,0.00024903782457633437
45.0,139839.2816,25.66,0.00024903782457633437
44.0,139939.0278,25.66,0.00024903782457633437
43.0,140043.5242,25.66,0.00024903782457633437
42.0,140083.0,25.7,0.00024903782457633437
41.0,140122.4507,25.66,0.00024903782457633437
40.0,140179.45,25.7,0.00024903782457633437
39.0,140236.472,25.66,0.00024903782457633437
38.0,140488.6276,25.66,0.00024903782457633437
37.0,140574.1062,25.72,0.00024903782457633437
36.0,140615.732,25.66,0.00024903782457633437
34.0,140620.1134,25.72,0.00024903782457633437
32.0,140630.5846,25.67,0.00024903782457633437
33.0,140638.1048,25.82,0.00024903782457633437
35.0,140639.8324,25.74,0.00024903782457633437
31.0,140640.652,25.66,0.00024903782457633437
30.0,140681.0944,25.68,0.00024903782457633437
29.0,140697.2867,25.66,0.00024903782457633437
28.0,140809.9582,25.66,0.00024903782457633437
27.0,140895.5654,25.66,0.00024903782457633437
26.0,140995.8903,25.66,0.00024903782457633437
25.0,141086.8287,25.66,0.00024903782457633437
24.0,141186.5206,25.68,0.00024903782457633437
23.0,141285.5705,25.66,0.00024903782457633437
22.0,141379.9246,25.66,0.00024903782457633437
21.0,141487.091,25.66,0.00024903782457633437
20.0,141590.2023,25.66,0.00024903782457633437
19.0,141684.5651,25.67,0
18.0,141778.9308,25.66,0.0005810924446207515
17.0,141865.1747,24.91,0.0005810924446207515
16.0,141972.9796,24.9,0.0005810924446207515
15.0,142068.6007,24.91,0.0005810924446207515
14.0,142172.3448,24.91,0.0005810924446207515
13.0,142267.9705,24.9,0.0005810924446207515
12.0,142367.6576,24.91,0.0005810924446207515
11.0,142450.481,24.9,0.0005810924446207515
10.0,142477.0,24.9,0.0005810924446207515
9.0,142502.9963,24.9,0.0005810924446207515
8.0,142656.5174,24.9,0.0005810924446207515
7.0,142727.0,24.9,0.0005810924446207515
6.0,142796.6158,24.9,0.0005810924446207515
5.0,142951.5832,24.9,0.0005810924446207515
4.0,142998.1639,24.9,0.0005810924446207515
3.0,143044.1088,24.9,0.0005810924446207515
2.0,143077.3146,24.9,0.0005810924446207515
1.0,143082.0,24.9,0
0.0,143086.8122,24.9,0
